,Function,Issue,Severity/Impact,Tool,Type,endLine,startLine
0,DocTask.execute,Dereference null return value,Medium,CoverityScan,NaN,0.0,0.0
1,StandardPluginManager.publishPlugins,Unguarded read,Medium,CoverityScan,NaN,0.0,0.0
2,PluginInfoTask.execute,Dereference null return value,Medium,CoverityScan,NaN,0.0,0.0
3,IoUtil.copyFolder,Dereference null return value,Medium,CoverityScan,NaN,0.0,0.0
4,BaseJpfTask.isManifestAccepted,Dereference null return value,Medium,CoverityScan,NaN,0.0,0.0
5,ManifestHandler.endElement,Dereference null return value,Medium,CoverityScan,NaN,0.0,0.0
6,StandardObjectFactory.createClassInstance,Dereference null return value,Medium,CoverityScan,NaN,0.0,0.0
7,Util.getTempFolder,Unguarded read,Medium,CoverityScan,NaN,0.0,0.0
8,StandardPluginClassLoader.getLibCacheFolder,Unguarded read,Medium,CoverityScan,NaN,0.0,0.0
9,ObjectFactory.loadProperties,Dereference null return value,Medium,CoverityScan,NaN,0.0,0.0
10,IoUtil.synchronizeFolders,Dereference null return value,Medium,CoverityScan,NaN,0.0,0.0
11,Util.getTempFolder,Check of thread-shared field evades lock acquisition,High,CoverityScan,NaN,0.0,0.0
12,ExtensionImpl$ParameterImpl.getDefinition,Dereference null return value,Medium,CoverityScan,NaN,0.0,0.0
13,DefaultApplicationInitializer.filterPluginLocations,Dereference null return value,Medium,CoverityScan,NaN,0.0,0.0
14,ShadowDataController.quickCheck,Dereference null return value,Medium,CoverityScan,NaN,0.0,0.0
15,StandardPluginClassLoader.getLibCacheFolder,Check of thread-shared field evades lock acquisition,High,CoverityScan,NaN,0.0,0.0
16,ShadingPathResolver.unregisterContext,Unguarded read,Medium,CoverityScan,NaN,0.0,0.0
17,ObjectFactory.loadClass,Dereference null return value,Medium,CoverityScan,NaN,0.0,0.0
18,PluginManager.lookup,Dereference null return value,Medium,CoverityScan,NaN,0.0,0.0
19,Boot.lookupConfig,Dereference null return value,Medium,CoverityScan,NaN,0.0,0.0
20,ErrorDialog$3.copyText,Dereference null return value,Medium,CoverityScan,NaN,0.0,0.0
21,Application.java,squid:S00112,MAJOR,SonarQube,CODE_SMELL,34.0,34.0
22,Boot.java,squid:S00112,MAJOR,SonarQube,CODE_SMELL,371.0,371.0
23,Boot.java,squid:S00112,MAJOR,SonarQube,CODE_SMELL,468.0,468.0
24,Boot.java,squid:S00112,MAJOR,SonarQube,CODE_SMELL,540.0,540.0
25,Boot.java,squid:S00112,MAJOR,SonarQube,CODE_SMELL,510.0,510.0
26,Boot.java,squid:S00112,MAJOR,SonarQube,CODE_SMELL,581.0,581.0
27,ApplicationInitializer.java,squid:S00112,MAJOR,SonarQube,CODE_SMELL,42.0,42.0
28,ApplicationInitializer.java,squid:S00112,MAJOR,SonarQube,CODE_SMELL,61.0,61.0
29,ControlThread.java,squid:S00112,MAJOR,SonarQube,CODE_SMELL,159.0,159.0
30,ControlThread.java,squid:S1149,MAJOR,SonarQube,CODE_SMELL,51.0,51.0
31,ControlThread.java,squid:S1149,MAJOR,SonarQube,CODE_SMELL,106.0,106.0
32,ControlThread.java,squid:S1149,MAJOR,SonarQube,CODE_SMELL,225.0,225.0
33,ErrorDialog.java,squid:S1149,MAJOR,SonarQube,CODE_SMELL,226.0,226.0
34,ErrorDialog.java,squid:S1149,MAJOR,SonarQube,CODE_SMELL,276.0,276.0
35,DefaultApplicationInitializer.java,squid:S1149,MAJOR,SonarQube,CODE_SMELL,329.0,329.0
36,PluginsCollector.java,squid:S00112,MAJOR,SonarQube,CODE_SMELL,42.0,42.0
37,DocTask.java,squid:S1149,MAJOR,SonarQube,CODE_SMELL,138.0,138.0
38,VersionUpdateTask.java,squid:S00112,MAJOR,SonarQube,CODE_SMELL,353.0,353.0
39,VersionUpdateTask.java,squid:S00112,MAJOR,SonarQube,CODE_SMELL,372.0,372.0
40,VersionUpdateTask.java,squid:S00112,MAJOR,SonarQube,CODE_SMELL,399.0,399.0
41,CheckTask.java,squid:S1149,MAJOR,SonarQube,CODE_SMELL,60.0,60.0
42,DocGenerator.java,squid:S00112,MAJOR,SonarQube,CODE_SMELL,112.0,112.0
43,DocGenerator.java,squid:S00112,MAJOR,SonarQube,CODE_SMELL,129.0,129.0
44,DocGenerator.java,squid:S00112,MAJOR,SonarQube,CODE_SMELL,189.0,189.0
45,DocGenerator.java,squid:S00112,MAJOR,SonarQube,CODE_SMELL,200.0,200.0
46,DocGenerator.java,squid:S1149,MAJOR,SonarQube,CODE_SMELL,59.0,59.0
47,PluginManager.java,squid:S00112,MAJOR,SonarQube,CODE_SMELL,286.0,286.0
48,PluginManager.java,squid:S00112,MAJOR,SonarQube,CODE_SMELL,295.0,295.0
49,PathResolver.java,squid:S00112,MAJOR,SonarQube,CODE_SMELL,41.0,41.0
50,Plugin.java,squid:S00112,MAJOR,SonarQube,CODE_SMELL,109.0,109.0
51,Plugin.java,squid:S00112,MAJOR,SonarQube,CODE_SMELL,118.0,118.0
52,ObjectFactory.java,squid:S00112,MAJOR,SonarQube,CODE_SMELL,98.0,98.0
53,ObjectFactory.java,squid:S00112,MAJOR,SonarQube,CODE_SMELL,103.0,103.0
54,ObjectFactory.java,squid:S00112,MAJOR,SonarQube,CODE_SMELL,108.0,108.0
55,ObjectFactory.java,squid:S00112,MAJOR,SonarQube,CODE_SMELL,113.0,113.0
56,ManifestHandler.java,squid:S1149,MAJOR,SonarQube,CODE_SMELL,37.0,37.0
57,ManifestHandler.java,squid:S1149,MAJOR,SonarQube,CODE_SMELL,44.0,44.0
58,ManifestParser.java,squid:S1132,MAJOR,SonarQube,CODE_SMELL,79.0,79.0
59,ManifestParser.java,squid:S1132,MAJOR,SonarQube,CODE_SMELL,80.0,80.0
60,ManifestParser.java,squid:S1132,MAJOR,SonarQube,CODE_SMELL,81.0,81.0
61,ManifestParser.java,squid:S1132,MAJOR,SonarQube,CODE_SMELL,82.0,82.0
62,ManifestParser.java,squid:S1132,MAJOR,SonarQube,CODE_SMELL,83.0,83.0
63,ManifestParser.java,squid:S1132,MAJOR,SonarQube,CODE_SMELL,84.0,84.0
64,ManifestParser.java,squid:S1132,MAJOR,SonarQube,CODE_SMELL,85.0,85.0
65,ManifestParser.java,squid:S1149,MAJOR,SonarQube,CODE_SMELL,52.0,52.0
66,PluginRegistryImpl.java,squid:S1149,MAJOR,SonarQube,CODE_SMELL,651.0,651.0
67,PluginRegistryImpl.java,squid:S1149,MAJOR,SonarQube,CODE_SMELL,988.0,988.0
68,ExtensionImpl.java,squid:UnusedPrivateMethod,MAJOR,SonarQube,CODE_SMELL,194.0,194.0
69,StandardPluginManager.java,squid:S1149,MAJOR,SonarQube,CODE_SMELL,538.0,538.0
70,StandardObjectFactory.java,squid:S00112,MAJOR,SonarQube,CODE_SMELL,93.0,93.0
71,StandardObjectFactory.java,squid:S00112,MAJOR,SonarQube,CODE_SMELL,115.0,115.0
72,StandardObjectFactory.java,squid:S00112,MAJOR,SonarQube,CODE_SMELL,123.0,123.0
73,StandardObjectFactory.java,squid:S00112,MAJOR,SonarQube,CODE_SMELL,148.0,148.0
74,StandardPluginClassLoader.java,squid:S1149,MAJOR,SonarQube,CODE_SMELL,90.0,90.0
75,StandardPluginClassLoader.java,squid:S1149,MAJOR,SonarQube,CODE_SMELL,268.0,268.0
76,StandardPluginClassLoader.java,squid:S1149,MAJOR,SonarQube,CODE_SMELL,996.0,996.0
77,ShadingPathResolver.java,squid:S00112,MAJOR,SonarQube,CODE_SMELL,815.0,815.0
78,ExtendedProperties.java,squid:S1149,MAJOR,SonarQube,CODE_SMELL,112.0,112.0
79,Boot.java,squid:S1181,BLOCKER,SonarQube,CODE_SMELL,244.0,244.0
80,Boot.java,squid:S1181,BLOCKER,SonarQube,CODE_SMELL,580.0,580.0
81,VersionUpdateTask.java,squid:S1172,MAJOR,SonarQube,CODE_SMELL,398.0,398.0
82,DocGenerator.java,squid:S1172,MAJOR,SonarQube,CODE_SMELL,129.0,129.0
83,ExtensionPointImpl.java,squid:S1181,BLOCKER,SonarQube,CODE_SMELL,231.0,231.0
84,ExtensionPointImpl.java,squid:S1155,MAJOR,SonarQube,CODE_SMELL,263.0,263.0
85,SplashWindow.java,squid:S1161,MAJOR,SonarQube,CODE_SMELL,110.0,110.0
86,SplashWindow.java,squid:S1161,MAJOR,SonarQube,CODE_SMELL,129.0,129.0
87,SplashWindow.java,squid:S1161,MAJOR,SonarQube,CODE_SMELL,140.0,140.0
88,Boot.java,squid:S1166,CRITICAL,SonarQube,CODE_SMELL,218.0,218.0
89,Boot.java,squid:S1166,CRITICAL,SonarQube,CODE_SMELL,449.0,449.0
90,Boot.java,squid:S1166,CRITICAL,SonarQube,CODE_SMELL,453.0,453.0
91,Boot.java,squid:S1166,CRITICAL,SonarQube,CODE_SMELL,457.0,457.0
92,Boot.java,squid:S1166,CRITICAL,SonarQube,CODE_SMELL,517.0,517.0
93,Boot.java,squid:S1166,CRITICAL,SonarQube,CODE_SMELL,522.0,522.0
94,Boot.java,squid:S1166,CRITICAL,SonarQube,CODE_SMELL,527.0,527.0
95,Boot.java,squid:S1166,CRITICAL,SonarQube,CODE_SMELL,552.0,552.0
96,Boot.java,squid:S1166,CRITICAL,SonarQube,CODE_SMELL,580.0,580.0
97,ControlThread.java,squid:S1166,CRITICAL,SonarQube,CODE_SMELL,67.0,67.0
98,ControlThread.java,squid:S1166,CRITICAL,SonarQube,CODE_SMELL,73.0,73.0
99,ControlThread.java,squid:S1166,CRITICAL,SonarQube,CODE_SMELL,81.0,81.0
100,ControlThread.java,squid:S1166,CRITICAL,SonarQube,CODE_SMELL,122.0,122.0
101,ControlThread.java,squid:S1166,CRITICAL,SonarQube,CODE_SMELL,128.0,128.0
102,ControlThread.java,squid:S1166,CRITICAL,SonarQube,CODE_SMELL,136.0,136.0
103,ControlThread.java,squid:S1166,CRITICAL,SonarQube,CODE_SMELL,182.0,182.0
104,ControlThread.java,squid:S1166,CRITICAL,SonarQube,CODE_SMELL,213.0,213.0
105,ControlThread.java,squid:S1166,CRITICAL,SonarQube,CODE_SMELL,253.0,253.0
106,ControlThread.java,squid:S1166,CRITICAL,SonarQube,CODE_SMELL,259.0,259.0
107,ControlThread.java,squid:S1161,MAJOR,SonarQube,CODE_SMELL,170.0,170.0
108,ControlThread.java,squid:S2131,MAJOR,SonarQube,CODE_SMELL,41.0,41.0
109,ErrorDialog.java,squid:S1161,MAJOR,SonarQube,CODE_SMELL,461.0,461.0
110,ErrorDialog.java,squid:S1161,MAJOR,SonarQube,CODE_SMELL,468.0,468.0
111,DefaultPluginsCollector.java,squid:S1161,MAJOR,SonarQube,CODE_SMELL,206.0,206.0
112,PluginManager.java,squid:S1166,CRITICAL,SonarQube,CODE_SMELL,69.0,69.0
113,ObjectFactory.java,squid:S1166,CRITICAL,SonarQube,CODE_SMELL,126.0,126.0
114,ObjectFactory.java,squid:S1166,CRITICAL,SonarQube,CODE_SMELL,134.0,134.0
115,ObjectFactory.java,squid:S1166,CRITICAL,SonarQube,CODE_SMELL,181.0,181.0
116,ObjectFactory.java,squid:S1166,CRITICAL,SonarQube,CODE_SMELL,227.0,227.0
117,ObjectFactory.java,squid:S1166,CRITICAL,SonarQube,CODE_SMELL,234.0,234.0
118,ObjectFactory.java,squid:S1166,CRITICAL,SonarQube,CODE_SMELL,231.0,231.0
119,Version.java,squid:S2131,MAJOR,SonarQube,CODE_SMELL,69.0,69.0
120,Version.java,squid:S2131,MAJOR,SonarQube,CODE_SMELL,335.0,335.0
121,BaseHandler.java,squid:S1161,MAJOR,SonarQube,CODE_SMELL,48.0,48.0
122,BaseHandler.java,squid:S1161,MAJOR,SonarQube,CODE_SMELL,67.0,67.0
123,BaseHandler.java,squid:S1161,MAJOR,SonarQube,CODE_SMELL,74.0,74.0
124,BaseHandler.java,squid:S1161,MAJOR,SonarQube,CODE_SMELL,86.0,86.0
125,ExtensionPointImpl.java,squid:S1166,CRITICAL,SonarQube,CODE_SMELL,388.0,388.0
126,ParameterValueParser.java,squid:S1166,CRITICAL,SonarQube,CODE_SMELL,122.0,122.0
127,PluginPrerequisiteImpl.java,squid:S1166,CRITICAL,SonarQube,CODE_SMELL,137.0,137.0
128,StandardObjectFactory.java,squid:S1166,CRITICAL,SonarQube,CODE_SMELL,63.0,63.0
129,StandardObjectFactory.java,squid:S1166,CRITICAL,SonarQube,CODE_SMELL,71.0,71.0
130,StandardPluginClassLoader.java,squid:S1166,CRITICAL,SonarQube,CODE_SMELL,358.0,358.0
131,StandardPluginClassLoader.java,squid:S1166,CRITICAL,SonarQube,CODE_SMELL,367.0,367.0
132,StandardPluginClassLoader.java,squid:S1166,CRITICAL,SonarQube,CODE_SMELL,399.0,399.0
133,StandardPluginClassLoader.java,squid:S1161,MAJOR,SonarQube,CODE_SMELL,1030.0,1030.0
134,StandardPluginClassLoader.java,squid:S1161,MAJOR,SonarQube,CODE_SMELL,1038.0,1038.0
135,ShadingPathResolver.java,squid:S1166,CRITICAL,SonarQube,CODE_SMELL,393.0,393.0
136,ExtendedProperties.java,squid:S1161,MAJOR,SonarQube,CODE_SMELL,66.0,66.0
137,ExtendedProperties.java,squid:S1161,MAJOR,SonarQube,CODE_SMELL,74.0,74.0
138,ResourceManager.java,squid:S1166,CRITICAL,SonarQube,CODE_SMELL,101.0,101.0
139,ResourceManager.java,squid:S1166,CRITICAL,SonarQube,CODE_SMELL,113.0,113.0
140,IoUtil.java,squid:S1166,CRITICAL,SonarQube,CODE_SMELL,366.0,366.0
141,IoUtil.java,squid:S1166,CRITICAL,SonarQube,CODE_SMELL,370.0,370.0
142,IoUtil.java,squid:S1166,CRITICAL,SonarQube,CODE_SMELL,399.0,399.0
143,IoUtil.java,squid:S1166,CRITICAL,SonarQube,CODE_SMELL,510.0,510.0
144,IoUtil.java,squid:S1166,CRITICAL,SonarQube,CODE_SMELL,529.0,529.0
145,IoUtil.java,squid:S1166,CRITICAL,SonarQube,CODE_SMELL,531.0,531.0
146,IoUtil.java,squid:S1166,CRITICAL,SonarQube,CODE_SMELL,539.0,539.0
147,IoUtil.java,squid:S1166,CRITICAL,SonarQube,CODE_SMELL,541.0,541.0
148,Boot.java,squid:MethodCyclomaticComplexity,MAJOR,SonarQube,CODE_SMELL,271.0,271.0
149,PluginInfoTask.java,squid:MethodCyclomaticComplexity,MAJOR,SonarQube,CODE_SMELL,117.0,117.0
150,PathTask.java,squid:MethodCyclomaticComplexity,MAJOR,SonarQube,CODE_SMELL,87.0,87.0
151,PathTask.java,squid:MethodCyclomaticComplexity,MAJOR,SonarQube,CODE_SMELL,143.0,143.0
152,BaseJpfTask.java,squid:MethodCyclomaticComplexity,MAJOR,SonarQube,CODE_SMELL,144.0,144.0
153,SortTask.java,squid:MethodCyclomaticComplexity,MAJOR,SonarQube,CODE_SMELL,96.0,96.0
154,VersionUpdateTask.java,squid:MethodCyclomaticComplexity,MAJOR,SonarQube,CODE_SMELL,107.0,107.0
155,DocGenerator.java,squid:MethodCyclomaticComplexity,MAJOR,SonarQube,CODE_SMELL,288.0,288.0
156,PluginArchiver.java,squid:MethodCyclomaticComplexity,MAJOR,SonarQube,CODE_SMELL,281.0,281.0
157,Version.java,squid:MethodCyclomaticComplexity,MAJOR,SonarQube,CODE_SMELL,183.0,183.0
158,ManifestHandler.java,squid:MethodCyclomaticComplexity,MAJOR,SonarQube,CODE_SMELL,54.0,54.0
159,ManifestHandler.java,squid:MethodCyclomaticComplexity,MAJOR,SonarQube,CODE_SMELL,278.0,278.0
160,IntegrityChecker.java,squid:MethodCyclomaticComplexity,MAJOR,SonarQube,CODE_SMELL,91.0,91.0
161,ExtensionPointImpl.java,squid:MethodCyclomaticComplexity,MAJOR,SonarQube,CODE_SMELL,214.0,214.0
162,ExtensionPointImpl.java,squid:MethodCyclomaticComplexity,MAJOR,SonarQube,CODE_SMELL,498.0,498.0
163,ParameterValueParser.java,squid:MethodCyclomaticComplexity,MAJOR,SonarQube,CODE_SMELL,43.0,43.0
164,ManifestParser.java,squid:MethodCyclomaticComplexity,MAJOR,SonarQube,CODE_SMELL,70.0,70.0
165,PluginDescriptorImpl.java,squid:MethodCyclomaticComplexity,MAJOR,SonarQube,CODE_SMELL,105.0,105.0
166,PluginRegistryImpl.java,squid:MethodCyclomaticComplexity,MAJOR,SonarQube,CODE_SMELL,153.0,153.0
167,PluginRegistryImpl.java,squid:MethodCyclomaticComplexity,MAJOR,SonarQube,CODE_SMELL,469.0,469.0
168,ExtensionImpl.java,squid:MethodCyclomaticComplexity,MAJOR,SonarQube,CODE_SMELL,230.0,230.0
169,StandardPluginManager.java,squid:MethodCyclomaticComplexity,MAJOR,SonarQube,CODE_SMELL,692.0,692.0
170,StandardPluginClassLoader.java,squid:MethodCyclomaticComplexity,MAJOR,SonarQube,CODE_SMELL,189.0,189.0
171,StandardPluginClassLoader.java,squid:MethodCyclomaticComplexity,MAJOR,SonarQube,CODE_SMELL,418.0,418.0
172,StandardPluginClassLoader.java,squid:MethodCyclomaticComplexity,MAJOR,SonarQube,CODE_SMELL,623.0,623.0
173,StandardPluginClassLoader.java,squid:MethodCyclomaticComplexity,MAJOR,SonarQube,CODE_SMELL,750.0,750.0
174,StandardPluginClassLoader.java,squid:MethodCyclomaticComplexity,MAJOR,SonarQube,CODE_SMELL,832.0,832.0
175,ShadingPathResolver.java,squid:MethodCyclomaticComplexity,MAJOR,SonarQube,CODE_SMELL,667.0,667.0
176,ShadingPathResolver.java,squid:MethodCyclomaticComplexity,MAJOR,SonarQube,CODE_SMELL,815.0,815.0
177,StandardPluginLocation.java,squid:MethodCyclomaticComplexity,MAJOR,SonarQube,CODE_SMELL,77.0,77.0
178,IoUtil.java,squid:MethodCyclomaticComplexity,MAJOR,SonarQube,CODE_SMELL,133.0,133.0
179,IoUtil.java,squid:MethodCyclomaticComplexity,MAJOR,SonarQube,CODE_SMELL,285.0,285.0
180,Boot.java,squid:S135,MAJOR,SonarQube,CODE_SMELL,548.0,548.0
181,ControlThread.java,squid:S135,MAJOR,SonarQube,CODE_SMELL,172.0,172.0
182,DefaultApplicationInitializer.java,squid:S135,MAJOR,SonarQube,CODE_SMELL,359.0,359.0
183,BaseJpfTask.java,squid:S135,MAJOR,SonarQube,CODE_SMELL,158.0,158.0
184,PluginArchiver.java,squid:S135,MAJOR,SonarQube,CODE_SMELL,304.0,304.0
185,PluginRegistryImpl.java,squid:S135,MAJOR,SonarQube,CODE_SMELL,178.0,178.0
186,PluginRegistryImpl.java,squid:S135,MAJOR,SonarQube,CODE_SMELL,322.0,322.0
187,PluginRegistryImpl.java,squid:S135,MAJOR,SonarQube,CODE_SMELL,496.0,496.0
188,PluginRegistryImpl.java,squid:S135,MAJOR,SonarQube,CODE_SMELL,797.0,797.0
189,StandardPluginManager.java,squid:S135,MAJOR,SonarQube,CODE_SMELL,413.0,413.0
190,StandardPluginClassLoader.java,squid:S135,MAJOR,SonarQube,CODE_SMELL,223.0,223.0
191,StandardPluginClassLoader.java,squid:S135,MAJOR,SonarQube,CODE_SMELL,466.0,466.0
192,StandardPluginClassLoader.java,squid:S135,MAJOR,SonarQube,CODE_SMELL,478.0,478.0
193,StandardPluginClassLoader.java,squid:S135,MAJOR,SonarQube,CODE_SMELL,491.0,491.0
194,StandardPluginClassLoader.java,squid:S135,MAJOR,SonarQube,CODE_SMELL,634.0,634.0
195,StandardPluginClassLoader.java,squid:S135,MAJOR,SonarQube,CODE_SMELL,791.0,791.0
196,StandardPluginClassLoader.java,squid:S135,MAJOR,SonarQube,CODE_SMELL,803.0,803.0
197,StandardPluginClassLoader.java,squid:S135,MAJOR,SonarQube,CODE_SMELL,816.0,816.0
198,IoUtil.java,squid:S135,MAJOR,SonarQube,CODE_SMELL,152.0,152.0
199,IoUtil.java,squid:S135,MAJOR,SonarQube,CODE_SMELL,303.0,303.0
200,BootErrorHandlerConsole.java,squid:S1148,CRITICAL,SonarQube,VULNERABILITY,48.0,48.0
201,Boot.java,squid:S1148,CRITICAL,SonarQube,VULNERABILITY,219.0,219.0
202,Boot.java,squid:S1148,CRITICAL,SonarQube,VULNERABILITY,452.0,452.0
203,Boot.java,squid:S1148,CRITICAL,SonarQube,VULNERABILITY,456.0,456.0
204,Boot.java,squid:S1148,CRITICAL,SonarQube,VULNERABILITY,460.0,460.0
205,Boot.java,squid:S1148,CRITICAL,SonarQube,VULNERABILITY,521.0,521.0
206,Boot.java,squid:S1148,CRITICAL,SonarQube,VULNERABILITY,526.0,526.0
207,Boot.java,squid:S1148,CRITICAL,SonarQube,VULNERABILITY,531.0,531.0
208,ControlThread.java,squid:S1148,CRITICAL,SonarQube,VULNERABILITY,322.0,322.0
209,ControlThread.java,squid:S1148,CRITICAL,SonarQube,VULNERABILITY,331.0,331.0
210,ControlThread.java,squid:S1148,CRITICAL,SonarQube,VULNERABILITY,339.0,339.0
211,DocGenerator.java,squid:S1135,INFO,SonarQube,CODE_SMELL,130.0,130.0
212,DocGenerator.java,squid:S1135,INFO,SonarQube,CODE_SMELL,215.0,215.0
213,ControlThread.java,squid:S1141,MAJOR,SonarQube,CODE_SMELL,65.0,65.0
214,ControlThread.java,squid:S1141,MAJOR,SonarQube,CODE_SMELL,71.0,71.0
215,ControlThread.java,squid:S1141,MAJOR,SonarQube,CODE_SMELL,120.0,120.0
216,ControlThread.java,squid:S1141,MAJOR,SonarQube,CODE_SMELL,126.0,126.0
217,ControlThread.java,squid:S1141,MAJOR,SonarQube,CODE_SMELL,173.0,173.0
218,ControlThread.java,squid:S1141,MAJOR,SonarQube,CODE_SMELL,180.0,180.0
219,ControlThread.java,squid:S1141,MAJOR,SonarQube,CODE_SMELL,251.0,251.0
220,ControlThread.java,squid:S1141,MAJOR,SonarQube,CODE_SMELL,257.0,257.0
221,BaseJpfTask.java,squid:S1141,MAJOR,SonarQube,CODE_SMELL,169.0,169.0
222,ObjectFactory.java,squid:S1141,MAJOR,SonarQube,CODE_SMELL,179.0,179.0
223,ObjectFactory.java,squid:S1141,MAJOR,SonarQube,CODE_SMELL,225.0,225.0
224,IoUtil.java,squid:S1141,MAJOR,SonarQube,CODE_SMELL,364.0,364.0
225,BaseJpfTask.java,squid:S1126,MINOR,SonarQube,CODE_SMELL,287.0,287.0
226,MockPluginRegistry.java,squid:S1596,MAJOR,SonarQube,CODE_SMELL,125.0,125.0
227,MockPluginRegistry.java,squid:S1596,MAJOR,SonarQube,CODE_SMELL,289.0,289.0
228,MockPluginRegistry.java,squid:S1596,MAJOR,SonarQube,CODE_SMELL,306.0,306.0
229,Version.java,squid:S1126,MINOR,SonarQube,CODE_SMELL,197.0,197.0
230,Version.java,squid:S1126,MINOR,SonarQube,CODE_SMELL,234.0,234.0
231,Version.java,squid:S1126,MINOR,SonarQube,CODE_SMELL,263.0,263.0
232,Version.java,squid:S1126,MINOR,SonarQube,CODE_SMELL,294.0,294.0
233,Version.java,squid:S1126,MINOR,SonarQube,CODE_SMELL,319.0,319.0
234,ExtensionPointImpl.java,squid:S1596,MAJOR,SonarQube,CODE_SMELL,252.0,252.0
235,ExtensionPointImpl.java,squid:S1596,MAJOR,SonarQube,CODE_SMELL,289.0,289.0
236,ExtensionPointImpl.java,squid:S1596,MAJOR,SonarQube,CODE_SMELL,470.0,470.0
237,PluginRegistryImpl.java,squid:S1596,MAJOR,SonarQube,CODE_SMELL,771.0,771.0
238,PluginRegistryImpl.java,squid:S1596,MAJOR,SonarQube,CODE_SMELL,780.0,780.0
239,PluginRegistryImpl.java,squid:S1596,MAJOR,SonarQube,CODE_SMELL,839.0,839.0
240,ExtensionImpl.java,squid:S1596,MAJOR,SonarQube,CODE_SMELL,225.0,225.0
241,ExtensionImpl.java,squid:S1596,MAJOR,SonarQube,CODE_SMELL,261.0,261.0
242,ShadingPathResolver.java,squid:S1126,MINOR,SonarQube,CODE_SMELL,951.0,951.0
243,StandardPluginClassLoader.java,squid:S1488,MINOR,SonarQube,CODE_SMELL,737.0,737.0
244,StandardPluginClassLoader.java,squid:ClassCyclomaticComplexity,MAJOR,SonarQube,CODE_SMELL,61.0,61.0
245,ErrorDialog.java,squid:S1188,MAJOR,SonarQube,CODE_SMELL,460.0,460.0
246,DefaultApplicationInitializer.java,squid:S1066,MAJOR,SonarQube,CODE_SMELL,364.0,364.0
247,BaseJpfTask.java,squid:S1066,MAJOR,SonarQube,CODE_SMELL,283.0,283.0
248,ExtensionPointImpl.java,squid:S1067,MAJOR,SonarQube,CODE_SMELL,512.0,500.0
249,ManifestParser.java,squid:S1067,MAJOR,SonarQube,CODE_SMELL,85.0,79.0
250,ManifestParser.java,squid:S1188,MAJOR,SonarQube,CODE_SMELL,69.0,69.0
251,ShadingPathResolver.java,squid:S1066,MAJOR,SonarQube,CODE_SMELL,947.0,947.0
252,IoUtil.java,squid:S1067,MAJOR,SonarQube,CODE_SMELL,326.0,324.0
253,BootErrorHandlerGui.java,squid:CommentedOutCodeLine,MAJOR,SonarQube,CODE_SMELL,79.0,79.0
254,ControlThread.java,squid:CommentedOutCodeLine,MAJOR,SonarQube,CODE_SMELL,85.0,85.0
255,ControlThread.java,squid:CommentedOutCodeLine,MAJOR,SonarQube,CODE_SMELL,140.0,140.0
256,ControlThread.java,squid:CommentedOutCodeLine,MAJOR,SonarQube,CODE_SMELL,243.0,243.0
257,ControlThread.java,squid:CommentedOutCodeLine,MAJOR,SonarQube,CODE_SMELL,249.0,249.0
258,DefaultApplicationInitializer.java,squid:S1168,MAJOR,SonarQube,CODE_SMELL,208.0,208.0
259,BaseJpfTask.java,squid:S1168,MAJOR,SonarQube,CODE_SMELL,105.0,105.0
260,BaseJpfTask.java,squid:CommentedOutCodeLine,MAJOR,SonarQube,CODE_SMELL,161.0,161.0
261,BaseJpfTask.java,squid:CommentedOutCodeLine,MAJOR,SonarQube,CODE_SMELL,186.0,186.0
262,PluginArchiver.java,squid:S1160,MAJOR,SonarQube,CODE_SMELL,247.0,247.0
263,PluginArchiver.java,squid:S1160,MAJOR,SonarQube,CODE_SMELL,281.0,281.0
264,PluginArchiver.java,squid:S1160,MAJOR,SonarQube,CODE_SMELL,353.0,353.0
265,PluginArchiver.java,squid:S1160,MAJOR,SonarQube,CODE_SMELL,376.0,376.0
266,PluginArchiver.java,squid:S1160,MAJOR,SonarQube,CODE_SMELL,424.0,424.0
267,PluginArchiver.java,squid:S1160,MAJOR,SonarQube,CODE_SMELL,457.0,457.0
268,ParameterValueParser.java,squid:CommentedOutCodeLine,MAJOR,SonarQube,CODE_SMELL,228.0,228.0
269,ManifestParser.java,squid:CommentedOutCodeLine,MAJOR,SonarQube,CODE_SMELL,115.0,115.0
270,ManifestParser.java,squid:CommentedOutCodeLine,MAJOR,SonarQube,CODE_SMELL,131.0,131.0
271,PluginDescriptorImpl.java,squid:CommentedOutCodeLine,MAJOR,SonarQube,CODE_SMELL,241.0,241.0
272,StandardPathResolver.java,squid:CommentedOutCodeLine,MAJOR,SonarQube,CODE_SMELL,145.0,145.0
273,StandardPathResolver.java,squid:CommentedOutCodeLine,MAJOR,SonarQube,CODE_SMELL,148.0,148.0
274,StandardPluginLifecycleHandler.java,squid:CommentedOutCodeLine,MAJOR,SonarQube,CODE_SMELL,82.0,82.0
275,ShadingPathResolver.java,squid:CommentedOutCodeLine,MAJOR,SonarQube,CODE_SMELL,377.0,377.0
276,IoUtil.java,squid:CommentedOutCodeLine,MAJOR,SonarQube,CODE_SMELL,361.0,361.0
277,IoUtil.java,squid:CommentedOutCodeLine,MAJOR,SonarQube,CODE_SMELL,487.0,487.0
278,IoUtil.java,squid:CommentedOutCodeLine,MAJOR,SonarQube,CODE_SMELL,491.0,491.0
279,Boot.java,squid:S1213,MINOR,SonarQube,CODE_SMELL,585.0,585.0
280,ControlThread.java,squid:S1213,MINOR,SonarQube,CODE_SMELL,152.0,152.0
281,ControlThread.java,squid:S1213,MINOR,SonarQube,CODE_SMELL,154.0,154.0
282,ControlThread.java,squid:S1213,MINOR,SonarQube,CODE_SMELL,155.0,155.0
283,ControlThread.java,squid:S1213,MINOR,SonarQube,CODE_SMELL,156.0,156.0
284,ControlThread.java,squid:S1213,MINOR,SonarQube,CODE_SMELL,158.0,158.0
285,ErrorDialog.java,squid:S1213,MINOR,SonarQube,CODE_SMELL,299.0,299.0
286,ErrorDialog.java,squid:S1213,MINOR,SonarQube,CODE_SMELL,300.0,300.0
287,ErrorDialog.java,squid:S1213,MINOR,SonarQube,CODE_SMELL,301.0,301.0
288,ErrorDialog.java,squid:S1213,MINOR,SonarQube,CODE_SMELL,302.0,302.0
289,ErrorDialog.java,squid:S1213,MINOR,SonarQube,CODE_SMELL,303.0,303.0
290,ErrorDialog.java,squid:S1213,MINOR,SonarQube,CODE_SMELL,304.0,304.0
291,ErrorDialog.java,squid:S1213,MINOR,SonarQube,CODE_SMELL,305.0,305.0
292,ErrorDialog.java,squid:S1213,MINOR,SonarQube,CODE_SMELL,306.0,306.0
293,ErrorDialog.java,squid:S1213,MINOR,SonarQube,CODE_SMELL,307.0,307.0
294,ErrorDialog.java,squid:S1213,MINOR,SonarQube,CODE_SMELL,308.0,308.0
295,ErrorDialog.java,squid:S1213,MINOR,SonarQube,CODE_SMELL,309.0,309.0
296,ErrorDialog.java,squid:S1213,MINOR,SonarQube,CODE_SMELL,310.0,310.0
297,ErrorDialog.java,squid:S1213,MINOR,SonarQube,CODE_SMELL,311.0,311.0
298,ErrorDialog.java,squid:S1213,MINOR,SonarQube,CODE_SMELL,312.0,312.0
299,ErrorDialog.java,squid:S1213,MINOR,SonarQube,CODE_SMELL,313.0,313.0
300,ErrorDialog.java,squid:S1213,MINOR,SonarQube,CODE_SMELL,315.0,315.0
301,VersionUpdateTask.java,squid:S1213,MINOR,SonarQube,CODE_SMELL,315.0,315.0
302,VersionUpdateTask.java,squid:S1213,MINOR,SonarQube,CODE_SMELL,316.0,316.0
303,VersionUpdateTask.java,squid:S1213,MINOR,SonarQube,CODE_SMELL,317.0,317.0
304,VersionUpdateTask.java,squid:S1213,MINOR,SonarQube,CODE_SMELL,318.0,318.0
305,VersionUpdateTask.java,squid:S1213,MINOR,SonarQube,CODE_SMELL,319.0,319.0
306,VersionUpdateTask.java,squid:S1213,MINOR,SonarQube,CODE_SMELL,321.0,321.0
307,VersionUpdateTask.java,squid:S1213,MINOR,SonarQube,CODE_SMELL,322.0,322.0
308,VersionUpdateTask.java,squid:S1213,MINOR,SonarQube,CODE_SMELL,323.0,323.0
309,VersionUpdateTask.java,squid:S1213,MINOR,SonarQube,CODE_SMELL,325.0,325.0
310,DocGenerator.java,squid:S1213,MINOR,SonarQube,CODE_SMELL,73.0,73.0
311,DocGenerator.java,squid:S1213,MINOR,SonarQube,CODE_SMELL,74.0,74.0
312,DocGenerator.java,squid:S1213,MINOR,SonarQube,CODE_SMELL,75.0,75.0
313,DocGenerator.java,squid:S1213,MINOR,SonarQube,CODE_SMELL,76.0,76.0
314,DocGenerator.java,squid:S1213,MINOR,SonarQube,CODE_SMELL,77.0,77.0
315,DocGenerator.java,squid:S1213,MINOR,SonarQube,CODE_SMELL,78.0,78.0
316,DocGenerator.java,squid:S1213,MINOR,SonarQube,CODE_SMELL,79.0,79.0
317,DocGenerator.java,squid:S1213,MINOR,SonarQube,CODE_SMELL,80.0,80.0
318,DocGenerator.java,squid:S1213,MINOR,SonarQube,CODE_SMELL,81.0,81.0
319,DocGenerator.java,squid:S1213,MINOR,SonarQube,CODE_SMELL,82.0,82.0
320,DocGenerator.java,squid:S1213,MINOR,SonarQube,CODE_SMELL,90.0,90.0
321,DocGenerator.java,squid:S1213,MINOR,SonarQube,CODE_SMELL,110.0,110.0
322,DocGenerator.java,squid:S1213,MINOR,SonarQube,CODE_SMELL,127.0,127.0
323,DocGenerator.java,squid:S1213,MINOR,SonarQube,CODE_SMELL,135.0,135.0
324,Util.java,squid:S1213,MINOR,SonarQube,CODE_SMELL,82.0,82.0
325,PluginArchiver.java,squid:S1213,MINOR,SonarQube,CODE_SMELL,562.0,562.0
326,IntegrityCheckReport.java,squid:S1214,MINOR,SonarQube,CODE_SMELL,54.0,54.0
327,ExtensionPoint.java,squid:S1214,MINOR,SonarQube,CODE_SMELL,33.0,33.0
328,ExtensionPoint.java,squid:S1214,MINOR,SonarQube,CODE_SMELL,154.0,154.0
329,Version.java,squid:S1213,MINOR,SonarQube,CODE_SMELL,54.0,54.0
330,Version.java,squid:S1213,MINOR,SonarQube,CODE_SMELL,55.0,55.0
331,Version.java,squid:S1213,MINOR,SonarQube,CODE_SMELL,56.0,56.0
332,Version.java,squid:S1213,MINOR,SonarQube,CODE_SMELL,57.0,57.0
333,Version.java,squid:S1213,MINOR,SonarQube,CODE_SMELL,58.0,58.0
334,Version.java,squid:S1213,MINOR,SonarQube,CODE_SMELL,60.0,60.0
335,Version.java,squid:S1213,MINOR,SonarQube,CODE_SMELL,130.0,130.0
336,PluginPrerequisite.java,squid:S1214,MINOR,SonarQube,CODE_SMELL,31.0,31.0
337,IdentityImpl.java,squid:S1213,MINOR,SonarQube,CODE_SMELL,69.0,69.0
338,ParameterValueParser.java,squid:S1213,MINOR,SonarQube,CODE_SMELL,39.0,39.0
339,ParameterValueParser.java,squid:S1213,MINOR,SonarQube,CODE_SMELL,40.0,40.0
340,ParameterValueParser.java,squid:S1213,MINOR,SonarQube,CODE_SMELL,41.0,41.0
341,ParameterValueParser.java,squid:S1213,MINOR,SonarQube,CODE_SMELL,43.0,43.0
342,ManifestParser.java,squid:S1213,MINOR,SonarQube,CODE_SMELL,101.0,101.0
343,ManifestParser.java,squid:S1213,MINOR,SonarQube,CODE_SMELL,102.0,102.0
344,ManifestParser.java,squid:S1213,MINOR,SonarQube,CODE_SMELL,104.0,104.0
345,PluginPrerequisiteImpl.java,squid:S1213,MINOR,SonarQube,CODE_SMELL,53.0,53.0
346,PluginPrerequisiteImpl.java,squid:S1213,MINOR,SonarQube,CODE_SMELL,54.0,54.0
347,PluginPrerequisiteImpl.java,squid:S1213,MINOR,SonarQube,CODE_SMELL,55.0,55.0
348,PluginPrerequisiteImpl.java,squid:S1213,MINOR,SonarQube,CODE_SMELL,56.0,56.0
349,PluginPrerequisiteImpl.java,squid:S1213,MINOR,SonarQube,CODE_SMELL,58.0,58.0
350,StandardPluginClassLoader.java,squid:S1213,MINOR,SonarQube,CODE_SMELL,159.0,159.0
351,StandardPluginClassLoader.java,squid:S1213,MINOR,SonarQube,CODE_SMELL,160.0,160.0
352,StandardPluginClassLoader.java,squid:S1213,MINOR,SonarQube,CODE_SMELL,161.0,161.0
353,StandardPluginClassLoader.java,squid:S1213,MINOR,SonarQube,CODE_SMELL,162.0,162.0
354,StandardPluginClassLoader.java,squid:S1213,MINOR,SonarQube,CODE_SMELL,163.0,163.0
355,StandardPluginClassLoader.java,squid:S1213,MINOR,SonarQube,CODE_SMELL,164.0,164.0
356,StandardPluginClassLoader.java,squid:S1213,MINOR,SonarQube,CODE_SMELL,165.0,165.0
357,StandardPluginClassLoader.java,squid:S1213,MINOR,SonarQube,CODE_SMELL,166.0,166.0
358,StandardPluginClassLoader.java,squid:S1213,MINOR,SonarQube,CODE_SMELL,167.0,167.0
359,StandardPluginClassLoader.java,squid:S1213,MINOR,SonarQube,CODE_SMELL,168.0,168.0
360,StandardPluginClassLoader.java,squid:S1213,MINOR,SonarQube,CODE_SMELL,169.0,169.0
361,StandardPluginClassLoader.java,squid:S1213,MINOR,SonarQube,CODE_SMELL,170.0,170.0
362,StandardPluginClassLoader.java,squid:S1213,MINOR,SonarQube,CODE_SMELL,180.0,180.0
363,StandardPluginClassLoader.java,squid:S1213,MINOR,SonarQube,CODE_SMELL,1023.0,1023.0
364,ShadingPathResolver.java,squid:S1213,MINOR,SonarQube,CODE_SMELL,503.0,503.0
365,ShadingPathResolver.java,squid:S1213,MINOR,SonarQube,CODE_SMELL,527.0,527.0
366,StandardPluginLocation.java,squid:S1213,MINOR,SonarQube,CODE_SMELL,130.0,130.0
367,StandardPluginLocation.java,squid:S1213,MINOR,SonarQube,CODE_SMELL,131.0,131.0
368,StandardPluginLocation.java,squid:S1213,MINOR,SonarQube,CODE_SMELL,138.0,138.0
369,StandardPluginLocation.java,squid:S1213,MINOR,SonarQube,CODE_SMELL,157.0,157.0
370,ResourceManager.java,squid:S1213,MINOR,SonarQube,CODE_SMELL,154.0,154.0
371,IoUtil.java,squid:S1213,MINOR,SonarQube,CODE_SMELL,546.0,546.0
372,ControlThread.java,squid:S1312,MINOR,SonarQube,CODE_SMELL,152.0,152.0
373,DefaultPluginsCollector.java,squid:S1312,MINOR,SonarQube,CODE_SMELL,87.0,87.0
374,DefaultApplicationInitializer.java,squid:S1312,MINOR,SonarQube,CODE_SMELL,128.0,128.0
375,SortTask.java,squid:ForLoopCounterChangedCheck,MAJOR,SonarQube,CODE_SMELL,189.0,189.0
376,Util.java,squid:S1312,MINOR,SonarQube,CODE_SMELL,35.0,35.0
377,Plugin.java,squid:S1312,MINOR,SonarQube,CODE_SMELL,43.0,43.0
378,ObjectFactory.java,squid:S1312,MINOR,SonarQube,CODE_SMELL,77.0,77.0
379,ObjectFactory.java,squid:S1312,MINOR,SonarQube,CODE_SMELL,142.0,142.0
380,ObjectFactory.java,squid:S1312,MINOR,SonarQube,CODE_SMELL,194.0,194.0
381,BaseHandler.java,squid:S1312,MINOR,SonarQube,CODE_SMELL,37.0,37.0
382,IntegrityChecker.java,squid:S1312,MINOR,SonarQube,CODE_SMELL,41.0,41.0
383,IdentityImpl.java,squid:S1312,MINOR,SonarQube,CODE_SMELL,33.0,33.0
384,DocumentationImpl.java,squid:S1312,MINOR,SonarQube,CODE_SMELL,39.0,39.0
385,ManifestParser.java,squid:S1312,MINOR,SonarQube,CODE_SMELL,42.0,42.0
386,PluginRegistryImpl.java,squid:S1312,MINOR,SonarQube,CODE_SMELL,77.0,77.0
387,PluginRegistryImpl.java,squid:S1312,MINOR,SonarQube,CODE_SMELL,984.0,984.0
388,PluginPrerequisiteImpl.java,squid:S1312,MINOR,SonarQube,CODE_SMELL,34.0,34.0
389,StandardPathResolver.java,squid:S1312,MINOR,SonarQube,CODE_SMELL,45.0,45.0
390,StandardPluginLifecycleHandler.java,squid:S1312,MINOR,SonarQube,CODE_SMELL,68.0,68.0
391,StandardPluginManager.java,squid:S1312,MINOR,SonarQube,CODE_SMELL,52.0,52.0
392,StandardObjectFactory.java,squid:S1312,MINOR,SonarQube,CODE_SMELL,36.0,36.0
393,StandardPluginClassLoader.java,squid:S1312,MINOR,SonarQube,CODE_SMELL,62.0,62.0
394,StandardPluginClassLoader.java,squid:S1312,MINOR,SonarQube,CODE_SMELL,981.0,981.0
395,ShadingPathResolver.java,squid:S1312,MINOR,SonarQube,CODE_SMELL,511.0,511.0
396,SplashWindow.java,squid:S1948,CRITICAL,SonarQube,BUG,61.0,61.0
397,ErrorDialog.java,squid:S1905,MINOR,SonarQube,CODE_SMELL,342.0,342.0
398,JpfException.java,squid:S1948,CRITICAL,SonarQube,BUG,32.0,32.0
399,SplashWindow.java,squid:S134,MAJOR,SonarQube,CODE_SMELL,178.0,178.0
400,ControlThread.java,squid:S134,MAJOR,SonarQube,CODE_SMELL,54.0,54.0
401,ControlThread.java,squid:S134,MAJOR,SonarQube,CODE_SMELL,58.0,58.0
402,ControlThread.java,squid:S134,MAJOR,SonarQube,CODE_SMELL,71.0,71.0
403,ControlThread.java,squid:S134,MAJOR,SonarQube,CODE_SMELL,109.0,109.0
404,ControlThread.java,squid:S134,MAJOR,SonarQube,CODE_SMELL,113.0,113.0
405,ControlThread.java,squid:S134,MAJOR,SonarQube,CODE_SMELL,126.0,126.0
406,ControlThread.java,squid:S134,MAJOR,SonarQube,CODE_SMELL,175.0,175.0
407,ControlThread.java,squid:S134,MAJOR,SonarQube,CODE_SMELL,180.0,180.0
408,DefaultApplicationInitializer.java,squid:S134,MAJOR,SonarQube,CODE_SMELL,166.0,166.0
409,BaseJpfTask.java,squid:S134,MAJOR,SonarQube,CODE_SMELL,164.0,164.0
410,BaseJpfTask.java,squid:S134,MAJOR,SonarQube,CODE_SMELL,170.0,170.0
411,BaseJpfTask.java,squid:S134,MAJOR,SonarQube,CODE_SMELL,187.0,187.0
412,PluginArchiver.java,squid:S134,MAJOR,SonarQube,CODE_SMELL,309.0,309.0
413,PluginArchiver.java,squid:S134,MAJOR,SonarQube,CODE_SMELL,316.0,316.0
414,ExtensionPointImpl.java,squid:S134,MAJOR,SonarQube,CODE_SMELL,114.0,114.0
415,ExtensionPointImpl.java,squid:S134,MAJOR,SonarQube,CODE_SMELL,402.0,402.0
416,PluginRegistryImpl.java,squid:S134,MAJOR,SonarQube,CODE_SMELL,280.0,280.0
417,PluginRegistryImpl.java,squid:S134,MAJOR,SonarQube,CODE_SMELL,587.0,587.0
418,PluginRegistryImpl.java,squid:S134,MAJOR,SonarQube,CODE_SMELL,806.0,806.0
419,ShadingPathResolver.java,squid:S134,MAJOR,SonarQube,CODE_SMELL,321.0,321.0
420,ShadingPathResolver.java,squid:S134,MAJOR,SonarQube,CODE_SMELL,714.0,714.0
421,ShadingPathResolver.java,squid:S134,MAJOR,SonarQube,CODE_SMELL,720.0,720.0
422,ShadingPathResolver.java,squid:S134,MAJOR,SonarQube,CODE_SMELL,726.0,726.0
423,ShadingPathResolver.java,squid:S134,MAJOR,SonarQube,CODE_SMELL,743.0,743.0
424,ShadingPathResolver.java,squid:S134,MAJOR,SonarQube,CODE_SMELL,751.0,751.0
425,BootErrorHandlerConsole.java,squid:S106,MAJOR,SonarQube,CODE_SMELL,36.0,36.0
426,BootErrorHandlerConsole.java,squid:S106,MAJOR,SonarQube,CODE_SMELL,47.0,47.0
427,BootErrorHandlerConsole.java,squid:S106,MAJOR,SonarQube,CODE_SMELL,72.0,72.0
428,Boot.java,squid:S106,MAJOR,SonarQube,CODE_SMELL,283.0,283.0
429,Boot.java,squid:S106,MAJOR,SonarQube,CODE_SMELL,285.0,285.0
430,Boot.java,squid:S106,MAJOR,SonarQube,CODE_SMELL,307.0,307.0
431,Boot.java,squid:S106,MAJOR,SonarQube,CODE_SMELL,314.0,314.0
432,Boot.java,squid:S106,MAJOR,SonarQube,CODE_SMELL,327.0,327.0
433,Boot.java,squid:S106,MAJOR,SonarQube,CODE_SMELL,335.0,335.0
434,Boot.java,squid:S106,MAJOR,SonarQube,CODE_SMELL,354.0,354.0
435,Boot.java,squid:S106,MAJOR,SonarQube,CODE_SMELL,450.0,450.0
436,Boot.java,squid:S106,MAJOR,SonarQube,CODE_SMELL,454.0,454.0
437,Boot.java,squid:S106,MAJOR,SonarQube,CODE_SMELL,458.0,458.0
438,Boot.java,squid:S106,MAJOR,SonarQube,CODE_SMELL,518.0,518.0
439,Boot.java,squid:S106,MAJOR,SonarQube,CODE_SMELL,523.0,523.0
440,Boot.java,squid:S106,MAJOR,SonarQube,CODE_SMELL,528.0,528.0
441,Boot.java,squid:S106,MAJOR,SonarQube,CODE_SMELL,547.0,547.0
442,ControlThread.java,squid:S106,MAJOR,SonarQube,CODE_SMELL,45.0,45.0
443,ControlThread.java,squid:S106,MAJOR,SonarQube,CODE_SMELL,60.0,60.0
444,ControlThread.java,squid:S106,MAJOR,SonarQube,CODE_SMELL,63.0,63.0
445,ControlThread.java,squid:S106,MAJOR,SonarQube,CODE_SMELL,82.0,82.0
446,ControlThread.java,squid:S106,MAJOR,SonarQube,CODE_SMELL,100.0,100.0
447,ControlThread.java,squid:S106,MAJOR,SonarQube,CODE_SMELL,114.0,114.0
448,ControlThread.java,squid:S106,MAJOR,SonarQube,CODE_SMELL,117.0,117.0
449,ControlThread.java,squid:S106,MAJOR,SonarQube,CODE_SMELL,137.0,137.0
450,ControlThread.java,squid:S106,MAJOR,SonarQube,CODE_SMELL,305.0,305.0
451,ControlThread.java,squid:S106,MAJOR,SonarQube,CODE_SMELL,313.0,313.0
452,ControlThread.java,squid:S106,MAJOR,SonarQube,CODE_SMELL,321.0,321.0
453,ControlThread.java,squid:S106,MAJOR,SonarQube,CODE_SMELL,330.0,330.0
454,Boot.java,squid:S1192,MINOR,SonarQube,CODE_SMELL,450.0,450.0
455,Boot.java,squid:S1192,MINOR,SonarQube,CODE_SMELL,410.0,410.0
456,Boot.java,squid:S1192,MINOR,SonarQube,CODE_SMELL,519.0,519.0
457,ErrorDialog.java,squid:S1192,MINOR,SonarQube,CODE_SMELL,232.0,232.0
458,ErrorDialog.java,squid:S1192,MINOR,SonarQube,CODE_SMELL,406.0,406.0
459,DefaultApplicationInitializer.java,squid:S1192,MINOR,SonarQube,CODE_SMELL,158.0,158.0
460,DefaultApplicationInitializer.java,squid:S1192,MINOR,SonarQube,CODE_SMELL,236.0,236.0
461,DocGenerator.java,squid:S1192,MINOR,SonarQube,CODE_SMELL,233.0,233.0
462,PluginArchiver.java,squid:S1192,MINOR,SonarQube,CODE_SMELL,99.0,99.0
463,PluginArchiver.java,squid:S1192,MINOR,SonarQube,CODE_SMELL,100.0,100.0
464,ObjectFactory.java,squid:S1192,MINOR,SonarQube,CODE_SMELL,198.0,198.0
465,ObjectFactory.java,squid:S1192,MINOR,SonarQube,CODE_SMELL,145.0,145.0
466,ObjectFactory.java,squid:S1192,MINOR,SonarQube,CODE_SMELL,96.0,96.0
467,PluginLifecycleException.java,squid:S2166,MAJOR,SonarQube,CODE_SMELL,25.0,25.0
468,ManifestProcessingException.java,squid:S2166,MAJOR,SonarQube,CODE_SMELL,27.0,27.0
469,ManifestHandler.java,squid:S1192,MINOR,SonarQube,CODE_SMELL,143.0,143.0
470,ManifestHandler.java,squid:S1192,MINOR,SonarQube,CODE_SMELL,86.0,86.0
471,ManifestHandler.java,squid:S1192,MINOR,SonarQube,CODE_SMELL,69.0,69.0
472,ManifestHandler.java,squid:S1192,MINOR,SonarQube,CODE_SMELL,90.0,90.0
473,ManifestHandler.java,squid:S1192,MINOR,SonarQube,CODE_SMELL,85.0,85.0
474,ExtensionPointImpl.java,squid:S1192,MINOR,SonarQube,CODE_SMELL,116.0,116.0
475,ParameterValueParser.java,squid:S1192,MINOR,SonarQube,CODE_SMELL,131.0,131.0
476,PluginRegistryImpl.java,squid:S1192,MINOR,SonarQube,CODE_SMELL,873.0,873.0
477,PluginRegistryImpl.java,squid:S1192,MINOR,SonarQube,CODE_SMELL,118.0,118.0
478,ExtensionImpl.java,squid:S1192,MINOR,SonarQube,CODE_SMELL,470.0,470.0
479,ExtensionImpl.java,squid:S1192,MINOR,SonarQube,CODE_SMELL,474.0,474.0
480,StandardPluginLifecycleHandler.java,squid:S1192,MINOR,SonarQube,CODE_SMELL,165.0,165.0
481,StandardPluginManager.java,squid:S1192,MINOR,SonarQube,CODE_SMELL,345.0,345.0
482,StandardPluginManager.java,squid:S1192,MINOR,SonarQube,CODE_SMELL,197.0,197.0
483,StandardPluginManager.java,squid:S1192,MINOR,SonarQube,CODE_SMELL,196.0,196.0
484,StandardPluginManager.java,squid:S1192,MINOR,SonarQube,CODE_SMELL,201.0,201.0
485,StandardPluginManager.java,squid:S1192,MINOR,SonarQube,CODE_SMELL,205.0,205.0
486,StandardPluginClassLoader.java,squid:S1192,MINOR,SonarQube,CODE_SMELL,386.0,386.0
487,StandardPluginClassLoader.java,squid:S1192,MINOR,SonarQube,CODE_SMELL,342.0,342.0
488,StandardPluginClassLoader.java,squid:S1192,MINOR,SonarQube,CODE_SMELL,773.0,773.0
489,StandardPluginClassLoader.java,squid:S1192,MINOR,SonarQube,CODE_SMELL,92.0,92.0
490,ShadingPathResolver.java,squid:S1192,MINOR,SonarQube,CODE_SMELL,601.0,601.0
491,ShadingPathResolver.java,squid:S1192,MINOR,SonarQube,CODE_SMELL,661.0,661.0
492,ShadingPathResolver.java,squid:S1192,MINOR,SonarQube,CODE_SMELL,310.0,310.0
493,ShadingPathResolver.java,squid:S1192,MINOR,SonarQube,CODE_SMELL,616.0,616.0
494,ShadingPathResolver.java,squid:S1192,MINOR,SonarQube,CODE_SMELL,602.0,602.0
495,ShadingPathResolver.java,squid:S1192,MINOR,SonarQube,CODE_SMELL,603.0,603.0
496,Boot.java,code_smells:complex_class,MINOR,SonarQube,CODE_SMELL,1.0,1.0
497,ControlThread.java,common-java:DuplicatedBlocks,MAJOR,SonarQube,CODE_SMELL,,
498,ErrorDialog.java,code_smells:complex_class,MINOR,SonarQube,CODE_SMELL,1.0,1.0
499,BaseJpfTask.java,common-java:DuplicatedBlocks,MAJOR,SonarQube,CODE_SMELL,,
500,VersionUpdateTask.java,common-java:DuplicatedBlocks,MAJOR,SonarQube,CODE_SMELL,,
501,MockPluginDescriptor.java,code_smells:complex_class,MINOR,SonarQube,CODE_SMELL,1.0,1.0
502,Version.java,code_smells:complex_class,MINOR,SonarQube,CODE_SMELL,1.0,1.0
503,ManifestHandler.java,code_smells:complex_class,MINOR,SonarQube,CODE_SMELL,1.0,1.0
504,ExtensionPointImpl.java,code_smells:complex_class,MINOR,SonarQube,CODE_SMELL,1.0,1.0
505,Model.java,common-java:DuplicatedBlocks,MAJOR,SonarQube,CODE_SMELL,,
506,PluginRegistryImpl.java,common-java:DuplicatedBlocks,MAJOR,SonarQube,CODE_SMELL,,
507,PluginRegistryImpl.java,code_smells:complex_class,MINOR,SonarQube,CODE_SMELL,1.0,1.0
508,ExtensionImpl.java,code_smells:complex_class,MINOR,SonarQube,CODE_SMELL,1.0,1.0
509,StandardPluginManager.java,code_smells:complex_class,MINOR,SonarQube,CODE_SMELL,1.0,1.0
510,StandardPluginClassLoader.java,code_smells:complex_class,MINOR,SonarQube,CODE_SMELL,1.0,1.0
511,ShadingPathResolver.java,common-java:DuplicatedBlocks,MAJOR,SonarQube,CODE_SMELL,,
512,StandardPluginLocation.java,common-java:DuplicatedBlocks,MAJOR,SonarQube,CODE_SMELL,,
513,IoUtil.java,code_smells:complex_class,MINOR,SonarQube,CODE_SMELL,1.0,1.0
514,ApplicationPlugin.java,code_smells:lazy_class,MAJOR,SonarQube,CODE_SMELL,1.0,1.0
515,Boot.java,code_smells:antisingleton,MAJOR,SonarQube,CODE_SMELL,1.0,1.0
516,Boot.java,code_smells:long_method,MAJOR,SonarQube,CODE_SMELL,1.0,1.0
517,Boot.java,code_smells:long_parameter_list,MAJOR,SonarQube,CODE_SMELL,1.0,1.0
518,ControlThread.java,code_smells:long_method,MAJOR,SonarQube,CODE_SMELL,1.0,1.0
519,ErrorDialog.java,code_smells:long_method,MAJOR,SonarQube,CODE_SMELL,1.0,1.0
520,ErrorDialog.java,code_smells:long_parameter_list,MAJOR,SonarQube,CODE_SMELL,1.0,1.0
521,DefaultApplicationInitializer.java,code_smells:long_method,MAJOR,SonarQube,CODE_SMELL,1.0,1.0
522,PluginInfoTask.java,code_smells:long_method,MAJOR,SonarQube,CODE_SMELL,1.0,1.0
523,PathTask.java,code_smells:long_method,MAJOR,SonarQube,CODE_SMELL,1.0,1.0
524,BaseJpfTask.java,code_smells:long_method,MAJOR,SonarQube,CODE_SMELL,1.0,1.0
525,SortTask.java,code_smells:long_method,MAJOR,SonarQube,CODE_SMELL,1.0,1.0
526,DocGenerator.java,code_smells:long_method,MAJOR,SonarQube,CODE_SMELL,1.0,1.0
527,PluginArchiver.java,code_smells:long_method,MAJOR,SonarQube,CODE_SMELL,1.0,1.0
528,PluginClassLoader.java,code_smells:long_parameter_list,MAJOR,SonarQube,CODE_SMELL,1.0,1.0
529,ObjectFactory.java,code_smells:long_method,MAJOR,SonarQube,CODE_SMELL,1.0,1.0
530,Version.java,code_smells:long_method,MAJOR,SonarQube,CODE_SMELL,1.0,1.0
531,ManifestInfoHandler.java,code_smells:long_method,MAJOR,SonarQube,CODE_SMELL,1.0,1.0
532,IntegrityChecker.java,code_smells:long_method,MAJOR,SonarQube,CODE_SMELL,1.0,1.0
533,DocumentationImpl.java,code_smells:antisingleton,MAJOR,SonarQube,CODE_SMELL,1.0,1.0
534,ExtensionPointImpl.java,code_smells:long_method,MAJOR,SonarQube,CODE_SMELL,1.0,1.0
535,ManifestParser.java,code_smells:antisingleton,MAJOR,SonarQube,CODE_SMELL,1.0,1.0
536,StandardPluginManager.java,code_smells:long_method,MAJOR,SonarQube,CODE_SMELL,1.0,1.0
537,StandardPluginClassLoader.java,code_smells:antisingleton,MAJOR,SonarQube,CODE_SMELL,1.0,1.0
538,StandardPluginClassLoader.java,code_smells:long_method,MAJOR,SonarQube,CODE_SMELL,1.0,1.0
539,StandardPluginClassLoader.java,code_smells:long_parameter_list,MAJOR,SonarQube,CODE_SMELL,1.0,1.0
540,StandardPluginLocation.java,code_smells:long_method,MAJOR,SonarQube,CODE_SMELL,1.0,1.0
541,IoUtil.java,code_smells:long_method,MAJOR,SonarQube,CODE_SMELL,1.0,1.0
542,IoUtil.java,code_smells:long_parameter_list,MAJOR,SonarQube,CODE_SMELL,1.0,1.0
543,"ManifestHandler.startElement(String,String,String,Attributes)",WRITE_SHORT_UNITS,VERY_HIGH,BetterCodeHub,NaN,272.0,54.0
544,"ParameterValueParser.$constructor(PluginRegistry,ParameterDefinition,String)",WRITE_SHORT_UNITS,VERY_HIGH,BetterCodeHub,NaN,235.0,43.0
545,VersionUpdateTask.execute(),WRITE_SHORT_UNITS,VERY_HIGH,BetterCodeHub,NaN,275.0,107.0
546,PluginRegistryImpl.register(URL[]),WRITE_SHORT_UNITS,VERY_HIGH,BetterCodeHub,NaN,316.0,153.0
547,PluginRegistryImpl.unregister(String[]),WRITE_SHORT_UNITS,VERY_HIGH,BetterCodeHub,NaN,623.0,469.0
548,"ShadowDataController.shadowResource(URL,String,boolean)",WRITE_SHORT_UNITS,VERY_HIGH,BetterCodeHub,NaN,813.0,667.0
549,"IntegrityChecker.checkPlugin(PluginDescriptorImpl,PathResolver)",WRITE_SHORT_UNITS,VERY_HIGH,BetterCodeHub,NaN,193.0,91.0
550,"StandardPluginClassLoader.loadPluginClass(String,boolean,boolean,StandardPluginClassLoader,Set)",WRITE_SHORT_UNITS,VERY_HIGH,BetterCodeHub,NaN,511.0,418.0
551,"ManifestHandler.endElement(String,String,String)",WRITE_SHORT_UNITS,VERY_HIGH,BetterCodeHub,NaN,373.0,278.0
552,"Boot.boot(ExtendedProperties,boolean,String,BootErrorHandler,String[])",WRITE_SHORT_UNITS,VERY_HIGH,BetterCodeHub,NaN,360.0,271.0
553,"StandardPluginClassLoader.findResource(String,StandardPluginClassLoader,Set)",WRITE_SHORT_UNITS,VERY_HIGH,BetterCodeHub,NaN,830.0,750.0
554,BaseJpfTask.initRegistry(boolean),WRITE_SHORT_UNITS,VERY_HIGH,BetterCodeHub,NaN,223.0,144.0
555,ExtensionPointImpl.validate(),WRITE_SHORT_UNITS,VERY_HIGH,BetterCodeHub,NaN,290.0,214.0
556,"ShadowDataController.deepCheck(URL,String)",WRITE_SHORT_UNITS,VERY_HIGH,BetterCodeHub,NaN,890.0,815.0
557,RegistryChangeDataImpl.dump(),WRITE_SHORT_UNITS,VERY_HIGH,BetterCodeHub,NaN,1048.0,983.0
558,SortTask.execute(),WRITE_SHORT_UNITS,VERY_HIGH,BetterCodeHub,NaN,159.0,96.0
559,"DocGenerator.generateForPluginDescriptor(File,PluginDescriptor)",WRITE_SHORT_UNITS,VERY_HIGH,BetterCodeHub,NaN,355.0,288.0
560,"PluginArchiver.pack(PluginRegistry,PathResolver,File,Filter)",WRITE_SHORT_UNITS,VERY_HIGH,BetterCodeHub,NaN,204.0,140.0
561,ControlThread.handleRequest(Socket),WRITE_SHORT_UNITS,HIGH,BetterCodeHub,NaN,268.0,205.0
562,StandardPluginClassLoader.findLibrary(String),WRITE_SHORT_UNITS,HIGH,BetterCodeHub,NaN,683.0,623.0
563,StandardPluginManager.dump(),WRITE_SHORT_UNITS,HIGH,BetterCodeHub,NaN,591.0,534.0
564,"ControlThread.stopRunningApplication(InetAddress,int)",WRITE_SHORT_UNITS,HIGH,BetterCodeHub,NaN,150.0,90.0
565,"IoUtil.synchronizeFolders(File,File,FileFilter)",WRITE_SHORT_UNITS,HIGH,BetterCodeHub,NaN,341.0,285.0
566,PathTask.execute(),WRITE_SHORT_UNITS,HIGH,BetterCodeHub,NaN,141.0,87.0
567,PluginRegistryImpl.checkVersions(Map),WRITE_SHORT_UNITS,HIGH,BetterCodeHub,NaN,373.0,318.0
568,DefaultApplicationInitializer.configure(ExtendedProperties),WRITE_SHORT_UNITS,HIGH,BetterCodeHub,NaN,204.0,147.0
569,"ObjectFactory.findProperty(ClassLoader,ExtendedProperties)",WRITE_SHORT_UNITS,HIGH,BetterCodeHub,NaN,247.0,192.0
570,Version.parseString(String),WRITE_SHORT_UNITS,HIGH,BetterCodeHub,NaN,119.0,64.0
571,"ExtensionImpl.validateParameters(ParameterDefinition,Collection)",WRITE_SHORT_UNITS,HIGH,BetterCodeHub,NaN,282.0,230.0
572,"StandardPluginClassLoader.findResources(List,String,StandardPluginClassLoader,Set)",WRITE_SHORT_UNITS,HIGH,BetterCodeHub,NaN,885.0,832.0
573,"ManifestHandler.startElement(String,String,String,Attributes)",WRITE_SIMPLE_UNITS,VERY_HIGH,BetterCodeHub,NaN,272.0,54.0
574,"ParameterValueParser.$constructor(PluginRegistry,ParameterDefinition,String)",WRITE_SIMPLE_UNITS,VERY_HIGH,BetterCodeHub,NaN,235.0,43.0
575,VersionUpdateTask.execute(),WRITE_SIMPLE_UNITS,VERY_HIGH,BetterCodeHub,NaN,275.0,107.0
576,PluginRegistryImpl.register(URL[]),WRITE_SIMPLE_UNITS,VERY_HIGH,BetterCodeHub,NaN,316.0,153.0
577,PluginRegistryImpl.unregister(String[]),WRITE_SIMPLE_UNITS,VERY_HIGH,BetterCodeHub,NaN,623.0,469.0
578,"StandardPluginClassLoader.loadPluginClass(String,boolean,boolean,StandardPluginClassLoader,Set)",WRITE_SIMPLE_UNITS,VERY_HIGH,BetterCodeHub,NaN,511.0,418.0
579,"ManifestHandler.endElement(String,String,String)",WRITE_SIMPLE_UNITS,VERY_HIGH,BetterCodeHub,NaN,373.0,278.0
580,"ShadowDataController.shadowResource(URL,String,boolean)",WRITE_SIMPLE_UNITS,HIGH,BetterCodeHub,NaN,813.0,667.0
581,"IntegrityChecker.checkPlugin(PluginDescriptorImpl,PathResolver)",WRITE_SIMPLE_UNITS,HIGH,BetterCodeHub,NaN,193.0,91.0
582,"Boot.boot(ExtendedProperties,boolean,String,BootErrorHandler,String[])",WRITE_SIMPLE_UNITS,HIGH,BetterCodeHub,NaN,360.0,271.0
583,"StandardPluginClassLoader.findResource(String,StandardPluginClassLoader,Set)",WRITE_SIMPLE_UNITS,HIGH,BetterCodeHub,NaN,830.0,750.0
584,BaseJpfTask.initRegistry(boolean),WRITE_SIMPLE_UNITS,HIGH,BetterCodeHub,NaN,223.0,144.0
585,ExtensionPointImpl.validate(),WRITE_SIMPLE_UNITS,HIGH,BetterCodeHub,NaN,290.0,214.0
586,"ShadowDataController.deepCheck(URL,String)",WRITE_SIMPLE_UNITS,HIGH,BetterCodeHub,NaN,890.0,815.0
587,SortTask.execute(),WRITE_SIMPLE_UNITS,HIGH,BetterCodeHub,NaN,159.0,96.0
588,"DocGenerator.generateForPluginDescriptor(File,PluginDescriptor)",WRITE_SIMPLE_UNITS,HIGH,BetterCodeHub,NaN,355.0,288.0
589,StandardPluginClassLoader.findLibrary(String),WRITE_SIMPLE_UNITS,HIGH,BetterCodeHub,NaN,683.0,623.0
590,"IoUtil.synchronizeFolders(File,File,FileFilter)",WRITE_SIMPLE_UNITS,HIGH,BetterCodeHub,NaN,341.0,285.0
591,PathTask.execute(),WRITE_SIMPLE_UNITS,HIGH,BetterCodeHub,NaN,141.0,87.0
592,Version.parseString(String),WRITE_SIMPLE_UNITS,HIGH,BetterCodeHub,NaN,119.0,64.0
593,"ExtensionImpl.validateParameters(ParameterDefinition,Collection)",WRITE_SIMPLE_UNITS,HIGH,BetterCodeHub,NaN,282.0,230.0
594,"StandardPluginClassLoader.findResources(List,String,StandardPluginClassLoader,Set)",WRITE_SIMPLE_UNITS,HIGH,BetterCodeHub,NaN,885.0,832.0
595,StandardPluginLocation.getManifestUrl(File),WRITE_SIMPLE_UNITS,HIGH,BetterCodeHub,NaN,128.0,77.0
596,"PluginArchiver.unpack(URL,PluginRegistry,File,Filter)",WRITE_SIMPLE_UNITS,HIGH,BetterCodeHub,NaN,334.0,281.0
597,StandardPluginClassLoader.collectImports(),WRITE_SIMPLE_UNITS,HIGH,BetterCodeHub,NaN,240.0,189.0
598,PluginInfoTask.execute(),WRITE_SIMPLE_UNITS,HIGH,BetterCodeHub,NaN,166.0,117.0
599,StandardPluginManager.checkPrerequisites(PluginDescriptor),WRITE_SIMPLE_UNITS,HIGH,BetterCodeHub,NaN,460.0,411.0
600,"StandardPluginManager.fireEvent(Object,boolean)",WRITE_SIMPLE_UNITS,HIGH,BetterCodeHub,NaN,740.0,692.0
601,PluginDescriptorImpl.unregisterFragment(PluginFragmentImpl),WRITE_SIMPLE_UNITS,HIGH,BetterCodeHub,NaN,150.0,105.0
602,Boot.initSplashHandler(ExtendedProperties),WRITE_SIMPLE_UNITS,HIGH,BetterCodeHub,NaN,505.0,467.0
603,PluginRegistryImpl.java,WRITE_CODE_ONCE,VERY_HIGH,BetterCodeHub,NaN,315.0,260.0
604,PluginRegistryImpl.java,WRITE_CODE_ONCE,VERY_HIGH,BetterCodeHub,NaN,622.0,567.0
605,IoUtil.java,WRITE_CODE_ONCE,VERY_HIGH,BetterCodeHub,NaN,152.0,135.0
606,IoUtil.java,WRITE_CODE_ONCE,VERY_HIGH,BetterCodeHub,NaN,303.0,286.0
607,ControlThread.java,WRITE_CODE_ONCE,VERY_HIGH,BetterCodeHub,NaN,84.0,64.0
608,ControlThread.java,WRITE_CODE_ONCE,VERY_HIGH,BetterCodeHub,NaN,139.0,119.0
609,Boot.java,WRITE_CODE_ONCE,VERY_HIGH,BetterCodeHub,NaN,309.0,296.0
610,Boot.java,WRITE_CODE_ONCE,VERY_HIGH,BetterCodeHub,NaN,329.0,316.0
611,PathTask.java,WRITE_CODE_ONCE,VERY_HIGH,BetterCodeHub,NaN,133.0,120.0
612,SortTask.java,WRITE_CODE_ONCE,VERY_HIGH,BetterCodeHub,NaN,133.0,120.0
613,PluginRegistryImpl.java,WRITE_CODE_ONCE,VERY_HIGH,BetterCodeHub,NaN,168.0,156.0
614,PluginRegistryImpl.java,WRITE_CODE_ONCE,VERY_HIGH,BetterCodeHub,NaN,483.0,471.0
615,ShadingPathResolver.java,WRITE_CODE_ONCE,VERY_HIGH,BetterCodeHub,NaN,319.0,305.0
616,ShadingPathResolver.java,WRITE_CODE_ONCE,VERY_HIGH,BetterCodeHub,NaN,353.0,339.0
617,PluginArchiver.java,WRITE_CODE_ONCE,VERY_HIGH,BetterCodeHub,NaN,301.0,287.0
618,PluginArchiver.java,WRITE_CODE_ONCE,VERY_HIGH,BetterCodeHub,NaN,475.0,461.0
619,ManifestHandler.java,WRITE_CODE_ONCE,VERY_HIGH,BetterCodeHub,NaN,65.0,47.0
620,ManifestInfoHandler.java,WRITE_CODE_ONCE,VERY_HIGH,BetterCodeHub,NaN,51.0,33.0
621,Model.java,WRITE_CODE_ONCE,VERY_HIGH,BetterCodeHub,NaN,661.0,640.0
622,Model.java,WRITE_CODE_ONCE,VERY_HIGH,BetterCodeHub,NaN,160.0,139.0
623,Model.java,WRITE_CODE_ONCE,VERY_HIGH,BetterCodeHub,NaN,333.0,312.0
624,Model.java,WRITE_CODE_ONCE,VERY_HIGH,BetterCodeHub,NaN,90.0,69.0
625,Model.java,WRITE_CODE_ONCE,VERY_HIGH,BetterCodeHub,NaN,637.0,616.0
626,Model.java,WRITE_CODE_ONCE,VERY_HIGH,BetterCodeHub,NaN,250.0,229.0
627,Model.java,WRITE_CODE_ONCE,VERY_HIGH,BetterCodeHub,NaN,596.0,575.0
628,PluginRegistryImpl.java,WRITE_CODE_ONCE,VERY_HIGH,BetterCodeHub,NaN,677.0,665.0
629,PluginRegistryImpl.java,WRITE_CODE_ONCE,VERY_HIGH,BetterCodeHub,NaN,1046.0,1034.0
630,ControlThread.java,WRITE_CODE_ONCE,VERY_HIGH,BetterCodeHub,NaN,58.0,48.0
631,ControlThread.java,WRITE_CODE_ONCE,VERY_HIGH,BetterCodeHub,NaN,113.0,103.0
632,PluginRegistryImpl.java,WRITE_CODE_ONCE,VERY_HIGH,BetterCodeHub,NaN,1045.0,1035.0
633,PluginRegistryImpl.java,WRITE_CODE_ONCE,VERY_HIGH,BetterCodeHub,NaN,676.0,666.0
634,StandardPluginManager.java,WRITE_CODE_ONCE,VERY_HIGH,BetterCodeHub,NaN,588.0,578.0
635,DocGenerator.java,WRITE_CODE_ONCE,VERY_HIGH,BetterCodeHub,NaN,310.0,301.0
636,PluginRegistryImpl.java,WRITE_CODE_ONCE,VERY_HIGH,BetterCodeHub,NaN,801.0,792.0
637,Version.java,WRITE_CODE_ONCE,VERY_HIGH,BetterCodeHub,NaN,89.0,77.0
638,Version.java,WRITE_CODE_ONCE,VERY_HIGH,BetterCodeHub,NaN,103.0,91.0
639,Version.java,WRITE_CODE_ONCE,VERY_HIGH,BetterCodeHub,NaN,237.0,225.0
640,Version.java,WRITE_CODE_ONCE,VERY_HIGH,BetterCodeHub,NaN,297.0,285.0
641,ExtensionImpl.java,WRITE_CODE_ONCE,VERY_HIGH,BetterCodeHub,NaN,111.0,100.0
642,ExtensionImpl.java,WRITE_CODE_ONCE,VERY_HIGH,BetterCodeHub,NaN,421.0,410.0
643,StandardPluginManager.java,WRITE_CODE_ONCE,VERY_HIGH,BetterCodeHub,NaN,205.0,195.0
644,StandardPluginManager.java,WRITE_CODE_ONCE,VERY_HIGH,BetterCodeHub,NaN,230.0,220.0
645,DefaultApplicationInitializer.java,WRITE_CODE_ONCE,VERY_HIGH,BetterCodeHub,NaN,222.0,213.0
646,BaseJpfTask.java,WRITE_CODE_ONCE,VERY_HIGH,BetterCodeHub,NaN,119.0,110.0
647,VersionUpdateTask.java,WRITE_CODE_ONCE,VERY_HIGH,BetterCodeHub,NaN,160.0,151.0
648,VersionUpdateTask.java,WRITE_CODE_ONCE,VERY_HIGH,BetterCodeHub,NaN,187.0,178.0
649,Model.java,WRITE_CODE_ONCE,VERY_HIGH,BetterCodeHub,NaN,541.0,528.0
650,Model.java,WRITE_CODE_ONCE,VERY_HIGH,BetterCodeHub,NaN,285.0,272.0
651,Model.java,WRITE_CODE_ONCE,VERY_HIGH,BetterCodeHub,NaN,362.0,349.0
652,Model.java,WRITE_CODE_ONCE,VERY_HIGH,BetterCodeHub,NaN,74.0,61.0
653,Model.java,WRITE_CODE_ONCE,VERY_HIGH,BetterCodeHub,NaN,485.0,472.0
654,ParameterValueParser.java,WRITE_CODE_ONCE,VERY_HIGH,BetterCodeHub,NaN,140.0,132.0
655,ParameterValueParser.java,WRITE_CODE_ONCE,VERY_HIGH,BetterCodeHub,NaN,178.0,170.0
656,ManifestInfoHandler.java,WRITE_CODE_ONCE,VERY_HIGH,BetterCodeHub,NaN,56.0,49.0
657,ManifestInfoHandler.java,WRITE_CODE_ONCE,VERY_HIGH,BetterCodeHub,NaN,65.0,58.0
658,ShadingPathResolver.java,WRITE_CODE_ONCE,VERY_HIGH,BetterCodeHub,NaN,737.0,729.0
659,ShadingPathResolver.java,WRITE_CODE_ONCE,VERY_HIGH,BetterCodeHub,NaN,808.0,800.0
660,StandardPluginClassLoader.java,WRITE_CODE_ONCE,VERY_HIGH,BetterCodeHub,NaN,482.0,473.0
661,StandardPluginClassLoader.java,WRITE_CODE_ONCE,VERY_HIGH,BetterCodeHub,NaN,807.0,798.0
662,DefaultApplicationInitializer.java,WRITE_CODE_ONCE,VERY_HIGH,BetterCodeHub,NaN,334.0,329.0
663,CheckTask.java,WRITE_CODE_ONCE,VERY_HIGH,BetterCodeHub,NaN,65.0,60.0
664,PluginManager.java,WRITE_CODE_ONCE,VERY_HIGH,BetterCodeHub,NaN,96.0,90.0
665,StandardPluginManager.java,WRITE_CODE_ONCE,VERY_HIGH,BetterCodeHub,NaN,255.0,249.0
666,Version.java,WRITE_CODE_ONCE,VERY_HIGH,BetterCodeHub,NaN,99.0,91.0
667,Version.java,WRITE_CODE_ONCE,VERY_HIGH,BetterCodeHub,NaN,85.0,77.0
668,Version.java,WRITE_CODE_ONCE,VERY_HIGH,BetterCodeHub,NaN,113.0,105.0
669,"StandardPluginClassLoader.loadPluginClass(String,boolean,boolean,StandardPluginClassLoader,Set)",SMALL_UNIT_INTERFACES,HIGH,BetterCodeHub,NaN,511.0,418.0
670,"Boot.boot(ExtendedProperties,boolean,String,BootErrorHandler,String[])",SMALL_UNIT_INTERFACES,HIGH,BetterCodeHub,NaN,360.0,271.0
671,"ErrorDialog.$constructor(Frame,String,String,Object,Throwable,boolean)",SMALL_UNIT_INTERFACES,HIGH,BetterCodeHub,NaN,365.0,315.0
672,"IoUtil.copyFolder(File,File,boolean,boolean,FileFilter)",SMALL_UNIT_INTERFACES,HIGH,BetterCodeHub,NaN,169.0,133.0
673,"PluginInfo.$constructor(String,Properties,File,File,Version)",SMALL_UNIT_INTERFACES,HIGH,BetterCodeHub,NaN,345.0,325.0
674,"ErrorDialog.showWarning(Component,String,String,Object,Throwable)",SMALL_UNIT_INTERFACES,HIGH,BetterCodeHub,NaN,217.0,207.0
675,"ReportItemImpl.$constructor(byte,Identity,int,String,Object)",SMALL_UNIT_INTERFACES,HIGH,BetterCodeHub,NaN,230.0,223.0
676,"ErrorDialog.showError(Component,String,String,Object,Throwable)",SMALL_UNIT_INTERFACES,HIGH,BetterCodeHub,NaN,150.0,143.0
677,"PluginClassLoader.$constructor(PluginManager,PluginDescriptor,URL[],ClassLoader,URLStreamHandlerFactory)",SMALL_UNIT_INTERFACES,HIGH,BetterCodeHub,NaN,53.0,47.0
678,"ManifestHandler.startElement(String,String,String,Attributes)",SMALL_UNIT_INTERFACES,MEDIUM,BetterCodeHub,NaN,272.0,54.0
679,"ParameterValueParser.$constructor(PluginRegistry,ParameterDefinition,String)",SMALL_UNIT_INTERFACES,MEDIUM,BetterCodeHub,NaN,235.0,43.0
680,"ShadowDataController.shadowResource(URL,String,boolean)",SMALL_UNIT_INTERFACES,MEDIUM,BetterCodeHub,NaN,813.0,667.0
681,"ManifestHandler.endElement(String,String,String)",SMALL_UNIT_INTERFACES,MEDIUM,BetterCodeHub,NaN,373.0,278.0
682,"StandardPluginClassLoader.findResource(String,StandardPluginClassLoader,Set)",SMALL_UNIT_INTERFACES,MEDIUM,BetterCodeHub,NaN,830.0,750.0
683,"PluginArchiver.pack(PluginRegistry,PathResolver,File,Filter)",SMALL_UNIT_INTERFACES,MEDIUM,BetterCodeHub,NaN,204.0,140.0
684,"IoUtil.synchronizeFolders(File,File,FileFilter)",SMALL_UNIT_INTERFACES,MEDIUM,BetterCodeHub,NaN,341.0,285.0
685,"StandardPluginClassLoader.findResources(List,String,StandardPluginClassLoader,Set)",SMALL_UNIT_INTERFACES,MEDIUM,BetterCodeHub,NaN,885.0,832.0
686,"PluginArchiver.unpack(URL,PluginRegistry,File,Filter)",SMALL_UNIT_INTERFACES,MEDIUM,BetterCodeHub,NaN,334.0,281.0
687,"PluginArchiver.readDescriptor(ObjectInputStream,PluginRegistry,File,Filter)",SMALL_UNIT_INTERFACES,MEDIUM,BetterCodeHub,NaN,560.0,513.0
688,"StandardPluginClassLoader.loadLocalClass(String,boolean,StandardPluginClassLoader)",SMALL_UNIT_INTERFACES,MEDIUM,BetterCodeHub,NaN,416.0,377.0
689,"ManifestInfoHandler.startElement(String,String,String,Attributes)",SMALL_UNIT_INTERFACES,MEDIUM,BetterCodeHub,NaN,79.0,40.0
690,"Boot.initApplication(BootErrorHandler,ExtendedProperties,String[])",SMALL_UNIT_INTERFACES,MEDIUM,BetterCodeHub,NaN,544.0,507.0
691,"PathTask.processDescriptor(Set,Set,PluginDescriptor,boolean)",SMALL_UNIT_INTERFACES,MEDIUM,BetterCodeHub,NaN,178.0,143.0
692,"LocationsDescriptorHandler.startElement(String,String,String,Attributes)",SMALL_UNIT_INTERFACES,MEDIUM,BetterCodeHub,NaN,238.0,206.0
693,"ExtensionPointImpl.$constructor(PluginDescriptorImpl,PluginFragmentImpl,ModelExtensionPoint)",SMALL_UNIT_INTERFACES,MEDIUM,BetterCodeHub,NaN,84.0,52.0
694,"StandardPluginClassLoader.isResourceVisible(String,URL,StandardPluginClassLoader)",SMALL_UNIT_INTERFACES,MEDIUM,BetterCodeHub,NaN,917.0,887.0
695,"PluginArchiver.writeDescripor(PluginRegistry,Filter,ObjectOutputStream)",SMALL_UNIT_INTERFACES,MEDIUM,BetterCodeHub,NaN,511.0,482.0
696,"LibraryImpl.$constructor(PluginDescriptorImpl,PluginFragmentImpl,ModelLibrary)",SMALL_UNIT_INTERFACES,MEDIUM,BetterCodeHub,NaN,67.0,38.0
697,"PluginPrerequisiteImpl.$constructor(PluginDescriptorImpl,PluginFragmentImpl,ModelPrerequisite)",SMALL_UNIT_INTERFACES,MEDIUM,BetterCodeHub,NaN,85.0,58.0
698,"PluginArchiver.packEntry(ZipOutputStream,ZipEntry,File)",SMALL_UNIT_INTERFACES,MEDIUM,BetterCodeHub,NaN,231.0,206.0
699,Model.java,SEPARATE_CONCERNS_IN_MODULES,VERY_HIGH,BetterCodeHub,NaN,663.0,1.0
700,IoUtil.java,SEPARATE_CONCERNS_IN_MODULES,VERY_HIGH,BetterCodeHub,NaN,549.0,1.0
701,BaseJpfTask.java,SEPARATE_CONCERNS_IN_MODULES,VERY_HIGH,BetterCodeHub,NaN,301.0,1.0
702,PluginRegistry.java,SEPARATE_CONCERNS_IN_MODULES,VERY_HIGH,BetterCodeHub,NaN,390.0,1.0
703,ExtensionPoint.java,SEPARATE_CONCERNS_IN_MODULES,VERY_HIGH,BetterCodeHub,NaN,287.0,1.0
704,IdentityImpl.java,SEPARATE_CONCERNS_IN_MODULES,VERY_HIGH,BetterCodeHub,NaN,80.0,1.0
705,PluginDescriptor.java,SEPARATE_CONCERNS_IN_MODULES,VERY_HIGH,BetterCodeHub,NaN,136.0,1.0
706,Identity.java,SEPARATE_CONCERNS_IN_MODULES,VERY_HIGH,BetterCodeHub,NaN,33.0,1.0
707,PluginDescriptorImpl.java,SEPARATE_CONCERNS_IN_MODULES,HIGH,BetterCodeHub,NaN,424.0,1.0
708,ParameterValueParser.java,SEPARATE_CONCERNS_IN_MODULES,HIGH,BetterCodeHub,NaN,248.0,1.0
709,Version.java,SEPARATE_CONCERNS_IN_MODULES,HIGH,BetterCodeHub,NaN,374.0,1.0
710,IntegrityChecker.java,SEPARATE_CONCERNS_IN_MODULES,HIGH,BetterCodeHub,NaN,270.0,1.0
711,PluginManager.java,SEPARATE_CONCERNS_IN_MODULES,HIGH,BetterCodeHub,NaN,405.0,1.0
712,ExtendedProperties.java,SEPARATE_CONCERNS_IN_MODULES,HIGH,BetterCodeHub,NaN,130.0,1.0
713,PluginElementImpl.java,SEPARATE_CONCERNS_IN_MODULES,HIGH,BetterCodeHub,NaN,89.0,1.0
714,PluginClassLoader.java,SEPARATE_CONCERNS_IN_MODULES,HIGH,BetterCodeHub,NaN,115.0,1.0
715,Extension.java,SEPARATE_CONCERNS_IN_MODULES,HIGH,BetterCodeHub,NaN,210.0,1.0
716,IntegrityCheckReport.java,SEPARATE_CONCERNS_IN_MODULES,HIGH,BetterCodeHub,NaN,132.0,1.0
717,PluginPrerequisite.java,SEPARATE_CONCERNS_IN_MODULES,HIGH,BetterCodeHub,NaN,89.0,1.0
718,PathResolver.java,SEPARATE_CONCERNS_IN_MODULES,HIGH,BetterCodeHub,NaN,80.0,1.0
719,PluginElement.java,SEPARATE_CONCERNS_IN_MODULES,HIGH,BetterCodeHub,NaN,41.0,1.0
720,UniqueIdentity.java,SEPARATE_CONCERNS_IN_MODULES,HIGH,BetterCodeHub,NaN,32.0,1.0
721,PluginRegistryImpl.java,SEPARATE_CONCERNS_IN_MODULES,MEDIUM,BetterCodeHub,NaN,1215.0,1.0
722,ExtensionPointImpl.java,SEPARATE_CONCERNS_IN_MODULES,MEDIUM,BetterCodeHub,NaN,643.0,1.0
723,ObjectFactory.java,SEPARATE_CONCERNS_IN_MODULES,MEDIUM,BetterCodeHub,NaN,292.0,1.0
724,PluginFragmentImpl.java,SEPARATE_CONCERNS_IN_MODULES,MEDIUM,BetterCodeHub,NaN,167.0,1.0
725,ResourceManager.java,SEPARATE_CONCERNS_IN_MODULES,MEDIUM,BetterCodeHub,NaN,158.0,1.0
726,BaseHandler.java,SEPARATE_CONCERNS_IN_MODULES,MEDIUM,BetterCodeHub,NaN,110.0,1.0
727,MockPluginElement.java,SEPARATE_CONCERNS_IN_MODULES,MEDIUM,BetterCodeHub,NaN,101.0,1.0
728,ManifestProcessingException.java,SEPARATE_CONCERNS_IN_MODULES,MEDIUM,BetterCodeHub,NaN,59.0,1.0
729,PluginRegistryImpl.java,COUPLE_ARCHITECTURE_COMPONENTS_LOOSELY,VERY_HIGH,BetterCodeHub,NaN,1215.0,1.0
730,IoUtil.java,COUPLE_ARCHITECTURE_COMPONENTS_LOOSELY,VERY_HIGH,BetterCodeHub,NaN,549.0,1.0
731,Version.java,COUPLE_ARCHITECTURE_COMPONENTS_LOOSELY,VERY_HIGH,BetterCodeHub,NaN,374.0,1.0
732,ObjectFactory.java,COUPLE_ARCHITECTURE_COMPONENTS_LOOSELY,VERY_HIGH,BetterCodeHub,NaN,292.0,1.0
733,StandardPluginLocation.java,COUPLE_ARCHITECTURE_COMPONENTS_LOOSELY,VERY_HIGH,BetterCodeHub,NaN,189.0,1.0
734,PluginManager.java,COUPLE_ARCHITECTURE_COMPONENTS_LOOSELY,VERY_HIGH,BetterCodeHub,NaN,405.0,1.0
735,ResourceManager.java,COUPLE_ARCHITECTURE_COMPONENTS_LOOSELY,VERY_HIGH,BetterCodeHub,NaN,158.0,1.0
736,PluginRegistry.java,COUPLE_ARCHITECTURE_COMPONENTS_LOOSELY,VERY_HIGH,BetterCodeHub,NaN,390.0,1.0
737,ExtendedProperties.java,COUPLE_ARCHITECTURE_COMPONENTS_LOOSELY,VERY_HIGH,BetterCodeHub,NaN,130.0,1.0
738,ExtensionPoint.java,COUPLE_ARCHITECTURE_COMPONENTS_LOOSELY,VERY_HIGH,BetterCodeHub,NaN,287.0,1.0
739,Plugin.java,COUPLE_ARCHITECTURE_COMPONENTS_LOOSELY,VERY_HIGH,BetterCodeHub,NaN,129.0,1.0
740,Extension.java,COUPLE_ARCHITECTURE_COMPONENTS_LOOSELY,VERY_HIGH,BetterCodeHub,NaN,210.0,1.0
741,IntegrityCheckReport.java,COUPLE_ARCHITECTURE_COMPONENTS_LOOSELY,VERY_HIGH,BetterCodeHub,NaN,132.0,1.0
742,PluginDescriptor.java,COUPLE_ARCHITECTURE_COMPONENTS_LOOSELY,VERY_HIGH,BetterCodeHub,NaN,136.0,1.0
743,PluginPrerequisite.java,COUPLE_ARCHITECTURE_COMPONENTS_LOOSELY,VERY_HIGH,BetterCodeHub,NaN,89.0,1.0
744,Documentation.java,COUPLE_ARCHITECTURE_COMPONENTS_LOOSELY,VERY_HIGH,BetterCodeHub,NaN,68.0,1.0
745,PathResolver.java,COUPLE_ARCHITECTURE_COMPONENTS_LOOSELY,VERY_HIGH,BetterCodeHub,NaN,80.0,1.0
746,PluginFragment.java,COUPLE_ARCHITECTURE_COMPONENTS_LOOSELY,VERY_HIGH,BetterCodeHub,NaN,76.0,1.0
747,PluginAttribute.java,COUPLE_ARCHITECTURE_COMPONENTS_LOOSELY,VERY_HIGH,BetterCodeHub,NaN,57.0,1.0
748,Library.java,COUPLE_ARCHITECTURE_COMPONENTS_LOOSELY,VERY_HIGH,BetterCodeHub,NaN,67.0,1.0
749,Documentable.java,COUPLE_ARCHITECTURE_COMPONENTS_LOOSELY,VERY_HIGH,BetterCodeHub,NaN,37.0,1.0
750,PluginElement.java,COUPLE_ARCHITECTURE_COMPONENTS_LOOSELY,VERY_HIGH,BetterCodeHub,NaN,41.0,1.0
751,Identity.java,COUPLE_ARCHITECTURE_COMPONENTS_LOOSELY,VERY_HIGH,BetterCodeHub,NaN,33.0,1.0
752,UniqueIdentity.java,COUPLE_ARCHITECTURE_COMPONENTS_LOOSELY,VERY_HIGH,BetterCodeHub,NaN,32.0,1.0
753,StandardPluginClassLoader.java,AUTOMATE_TESTS,VERY_HIGH,BetterCodeHub,NaN,1043.0,1.0
754,PluginRegistryImpl.java,AUTOMATE_TESTS,VERY_HIGH,BetterCodeHub,NaN,1215.0,1.0
755,ShadingPathResolver.java,AUTOMATE_TESTS,VERY_HIGH,BetterCodeHub,NaN,956.0,1.0
756,StandardPluginManager.java,AUTOMATE_TESTS,VERY_HIGH,BetterCodeHub,NaN,757.0,1.0
757,ExtensionImpl.java,AUTOMATE_TESTS,VERY_HIGH,BetterCodeHub,NaN,685.0,1.0
758,ExtensionPointImpl.java,AUTOMATE_TESTS,VERY_HIGH,BetterCodeHub,NaN,643.0,1.0
759,Model.java,AUTOMATE_TESTS,VERY_HIGH,BetterCodeHub,NaN,663.0,1.0
760,Boot.java,AUTOMATE_TESTS,VERY_HIGH,BetterCodeHub,NaN,765.0,1.0
761,PluginArchiver.java,AUTOMATE_TESTS,VERY_HIGH,BetterCodeHub,NaN,615.0,1.0
762,ErrorDialog.java,AUTOMATE_TESTS,VERY_HIGH,BetterCodeHub,NaN,537.0,1.0
763,IoUtil.java,AUTOMATE_TESTS,VERY_HIGH,BetterCodeHub,NaN,549.0,1.0
764,DocGenerator.java,AUTOMATE_TESTS,VERY_HIGH,BetterCodeHub,NaN,485.0,1.0
765,ManifestHandler.java,AUTOMATE_TESTS,VERY_HIGH,BetterCodeHub,NaN,397.0,1.0
766,VersionUpdateTask.java,AUTOMATE_TESTS,VERY_HIGH,BetterCodeHub,NaN,409.0,1.0
767,PluginDescriptorImpl.java,AUTOMATE_TESTS,VERY_HIGH,BetterCodeHub,NaN,424.0,1.0
768,ControlThread.java,AUTOMATE_TESTS,VERY_HIGH,BetterCodeHub,NaN,342.0,1.0
769,DefaultApplicationInitializer.java,AUTOMATE_TESTS,VERY_HIGH,BetterCodeHub,NaN,386.0,1.0
770,BaseJpfTask.java,AUTOMATE_TESTS,VERY_HIGH,BetterCodeHub,NaN,301.0,1.0
771,ParameterValueParser.java,AUTOMATE_TESTS,VERY_HIGH,BetterCodeHub,NaN,248.0,1.0
772,Version.java,AUTOMATE_TESTS,VERY_HIGH,BetterCodeHub,NaN,374.0,1.0
773,IntegrityChecker.java,AUTOMATE_TESTS,VERY_HIGH,BetterCodeHub,NaN,270.0,1.0
774,MockPluginDescriptor.java,AUTOMATE_TESTS,VERY_HIGH,BetterCodeHub,NaN,381.0,1.0
775,ObjectFactory.java,AUTOMATE_TESTS,VERY_HIGH,BetterCodeHub,NaN,292.0,1.0
776,DefaultPluginsCollector.java,AUTOMATE_TESTS,VERY_HIGH,BetterCodeHub,NaN,240.0,1.0
777,SortTask.java,AUTOMATE_TESTS,VERY_HIGH,BetterCodeHub,NaN,221.0,1.0
778,MockPluginRegistry.java,AUTOMATE_TESTS,VERY_HIGH,BetterCodeHub,NaN,316.0,1.0
779,PathTask.java,AUTOMATE_TESTS,VERY_HIGH,BetterCodeHub,NaN,194.0,1.0
780,MockExtensionPoint.java,AUTOMATE_TESTS,VERY_HIGH,BetterCodeHub,NaN,264.0,1.0
781,MockParameter.java,AUTOMATE_TESTS,VERY_HIGH,BetterCodeHub,NaN,253.0,1.0
782,StandardPathResolver.java,AUTOMATE_TESTS,VERY_HIGH,BetterCodeHub,NaN,204.0,1.0
783,PluginInfoTask.java,WRITE_CLEAN_CODE,VERY_HIGH,BetterCodeHub,NaN,133.0,133.0
784,StandardPathResolver.java,WRITE_CLEAN_CODE,VERY_HIGH,BetterCodeHub,NaN,165.0,145.0
785,BaseJpfTask.java,WRITE_CLEAN_CODE,VERY_HIGH,BetterCodeHub,NaN,161.0,161.0
786,ManifestParser.java,WRITE_CLEAN_CODE,VERY_HIGH,BetterCodeHub,NaN,115.0,115.0
787,ManifestParser.java,WRITE_CLEAN_CODE,VERY_HIGH,BetterCodeHub,NaN,131.0,131.0
788,IoUtil.java,WRITE_CLEAN_CODE,VERY_HIGH,BetterCodeHub,NaN,491.0,491.0
789,PluginDescriptorImpl.java,WRITE_CLEAN_CODE,VERY_HIGH,BetterCodeHub,NaN,241.0,241.0
790,ShadingPathResolver.java,WRITE_CLEAN_CODE,VERY_HIGH,BetterCodeHub,NaN,377.0,377.0
791,ControlThread.java,WRITE_CLEAN_CODE,VERY_HIGH,BetterCodeHub,NaN,244.0,243.0
792,ControlThread.java,WRITE_CLEAN_CODE,VERY_HIGH,BetterCodeHub,NaN,249.0,249.0
793,BootErrorHandlerGui.java,WRITE_CLEAN_CODE,VERY_HIGH,BetterCodeHub,NaN,79.0,79.0
794,DocGenerator.java,WRITE_CLEAN_CODE,VERY_HIGH,BetterCodeHub,NaN,130.0,130.0
795,DocGenerator.java,WRITE_CLEAN_CODE,VERY_HIGH,BetterCodeHub,NaN,215.0,215.0
796,ObjectFactory.java,WRITE_CLEAN_CODE,VERY_HIGH,BetterCodeHub,NaN,126.0,126.0
797,ObjectFactory.java,WRITE_CLEAN_CODE,VERY_HIGH,BetterCodeHub,NaN,134.0,134.0
798,ObjectFactory.java,WRITE_CLEAN_CODE,VERY_HIGH,BetterCodeHub,NaN,181.0,181.0
799,ObjectFactory.java,WRITE_CLEAN_CODE,VERY_HIGH,BetterCodeHub,NaN,227.0,227.0
800,ObjectFactory.java,WRITE_CLEAN_CODE,VERY_HIGH,BetterCodeHub,NaN,234.0,234.0
801,StandardObjectFactory.java,WRITE_CLEAN_CODE,VERY_HIGH,BetterCodeHub,NaN,63.0,63.0
802,StandardObjectFactory.java,WRITE_CLEAN_CODE,VERY_HIGH,BetterCodeHub,NaN,71.0,71.0
803,IoUtil.java,WRITE_CLEAN_CODE,VERY_HIGH,BetterCodeHub,NaN,366.0,366.0
804,IoUtil.java,WRITE_CLEAN_CODE,VERY_HIGH,BetterCodeHub,NaN,477.0,477.0
805,IoUtil.java,WRITE_CLEAN_CODE,VERY_HIGH,BetterCodeHub,NaN,510.0,510.0
806,SplashWindow.java,WRITE_CLEAN_CODE,VERY_HIGH,BetterCodeHub,NaN,92.0,92.0
807,SplashWindow.java,WRITE_CLEAN_CODE,VERY_HIGH,BetterCodeHub,NaN,180.0,180.0
808,PluginManager.java,WRITE_CLEAN_CODE,VERY_HIGH,BetterCodeHub,NaN,69.0,69.0
809,StandardPluginClassLoader.java,WRITE_CLEAN_CODE,VERY_HIGH,BetterCodeHub,NaN,399.0,399.0
810,ShadingPathResolver.java,WRITE_CLEAN_CODE,VERY_HIGH,BetterCodeHub,NaN,393.0,393.0
811,Boot.java,WRITE_CLEAN_CODE,VERY_HIGH,BetterCodeHub,NaN,475.0,475.0
812,ControlThread.java,WRITE_CLEAN_CODE,VERY_HIGH,BetterCodeHub,NaN,67.0,67.0
813,ControlThread.java,WRITE_CLEAN_CODE,VERY_HIGH,BetterCodeHub,NaN,73.0,73.0
814,ControlThread.java,WRITE_CLEAN_CODE,VERY_HIGH,BetterCodeHub,NaN,122.0,122.0
815,ControlThread.java,WRITE_CLEAN_CODE,VERY_HIGH,BetterCodeHub,NaN,128.0,128.0
816,ControlThread.java,WRITE_CLEAN_CODE,VERY_HIGH,BetterCodeHub,NaN,145.0,145.0
817,ControlThread.java,WRITE_CLEAN_CODE,VERY_HIGH,BetterCodeHub,NaN,182.0,182.0
818,ControlThread.java,WRITE_CLEAN_CODE,VERY_HIGH,BetterCodeHub,NaN,213.0,213.0
819,ControlThread.java,WRITE_CLEAN_CODE,VERY_HIGH,BetterCodeHub,NaN,253.0,253.0
820,ControlThread.java,WRITE_CLEAN_CODE,VERY_HIGH,BetterCodeHub,NaN,259.0,259.0
821,DefaultApplicationInitializer.java,WRITE_CLEAN_CODE,VERY_HIGH,BetterCodeHub,NaN,169.0,169.0
